Iteration,Individual,0,1,2
1,1,17.9,6.6,1.0
1,2,0.8,2.2,1.0
1,3,10.6,8.4,1.0
1,4,12.5,8.8,1.0
1,5,10.4,11.6,1.0
1,6,19.8,16.4,1.0
1,7,17.5,16.5,1.0
1,8,14.5,16.0,1.0
1,9,14.2,10.8,1.0
1,10,19.2,8.1,1.0
1,11,14.5,19.7,1.0
1,12,13.4,12.0,1.0
1,13,18.7,7.0,1.0
1,14,8.0,14.9,1.0
1,15,8.1,19.8,1.0
1,16,7.5,14.2,1.0
1,17,8.0,15.4,1.0
1,18,5.8,3.8,1.0
1,19,6.7,14.6,1.0
1,20,6.7,16.9,1.0
2,1,19.8,0.1,1.0
2,2,0.1,19.8,1.0
2,3,15.8,19.7,1.0
2,4,19.7,0.3,1.0
2,5,0.1,0.1,1.0
2,6,18.1,19.8,1.0
2,7,19.6,0.6,1.0
2,8,8.4,19.8,1.0
2,9,0.1,10.3,1.0
2,10,0.4,19.8,1.0
2,11,0.1,16.5,1.0
2,12,13.9,15.9,1.0
2,13,16.1,9.5,1.0
2,14,13.4,11.0,1.0
2,15,8.0,17.4,1.0
2,16,7.8,17.0,1.0
2,17,7.7,14.9,1.0
2,18,6.8,9.6,1.0
2,19,6.2,9.2,1.0
2,20,6.7,15.8,1.0
3,1,15.0,19.8,1.0
3,2,19.7,14.6,1.0
3,3,3.2,0.1,1.0
3,4,4.5,0.1,1.0
3,5,14.2,19.8,1.0
3,6,19.8,20.0,1.0
3,7,19.6,19.8,1.0
3,8,19.8,0.1,1.0
3,9,2.7,0.1,1.0
3,10,19.8,0.3,1.0
3,11,14.0,15.9,1.0
3,12,6.9,16.2,1.0
3,13,15.0,12.7,1.0
3,14,14.7,10.2,1.0
3,15,10.7,14.2,1.0
3,16,7.9,17.2,1.0
3,17,7.8,15.9,1.0
3,18,7.3,12.2,1.0
3,19,6.5,9.4,1.0
3,20,6.4,12.5,1.0
4,1,0.1,16.7,1.0
4,2,0.1,0.1,1.0
4,3,0.1,0.3,1.0
4,4,19.7,20.0,1.0
4,5,8.9,19.8,1.0
4,6,11.5,19.8,1.0
4,7,0.3,0.3,1.0
4,8,0.1,1.9,1.0
4,9,0.4,0.1,1.0
4,10,19.8,19.8,1.0
4,11,0.3,0.5,1.0
4,12,10.5,16.0,1.0
4,13,11.0,14.5,1.0
4,14,14.9,11.5,1.0
4,15,12.7,12.2,1.0
4,16,9.3,15.7,1.0
4,17,7.9,16.5,1.0
4,18,7.5,14.1,1.0
4,19,6.9,10.8,1.0
4,20,6.5,11.0,1.0
5,1,0.1,0.1,1.0
5,2,19.7,20.0,1.0
5,3,0.1,0.3,1.0
5,4,0.3,0.1,1.0
5,5,16.7,19.8,1.0
5,6,0.1,19.8,1.0
5,7,0.1,1.8,1.0
5,8,19.8,10.3,1.0
5,9,19.8,19.8,1.0
5,10,0.3,19.8,1.0
5,11,0.3,0.4,1.0
5,12,5.2,8.0,1.0
5,13,10.7,15.3,1.0
5,14,12.9,13.0,1.0
5,15,13.8,11.8,1.0
5,16,11.0,13.9,1.0
5,17,8.6,16.1,1.0
5,18,7.7,15.3,1.0
5,19,7.2,12.4,1.0
5,20,6.7,10.9,1.0
6,1,0.1,19.8,1.0
6,2,8.8,11.2,1.0
6,3,0.3,19.7,1.0
6,4,0.1,0.1,1.0
6,5,0.1,0.4,1.0
6,6,19.8,0.1,1.0
6,7,19.6,0.3,1.0
6,8,3.1,12.6,1.0
6,9,0.1,9.0,1.0
6,10,19.8,20.0,1.0
6,11,19.7,18.0,1.0
6,12,2.6,4.0,1.0
6,13,8.0,11.6,1.0
6,14,11.8,14.1,1.0
6,15,13.4,12.4,1.0
6,16,12.4,12.9,1.0
6,17,9.8,15.0,1.0
6,18,8.1,15.7,1.0
6,19,7.4,13.9,1.0
6,20,6.9,11.7,1.0
7,1,0.1,19.8,1.0
7,2,1.7,19.8,1.0
7,3,9.6,16.6,1.0
7,4,0.1,0.1,1.0
7,5,19.8,0.1,1.0
7,6,16.7,19.8,1.0
7,7,19.6,2.2,1.0
7,8,19.8,0.3,1.0
7,9,19.8,20.0,1.0
7,10,19.6,0.1,1.0
7,11,0.3,19.7,1.0
7,12,11.3,11.0,1.0
7,13,5.3,7.8,1.0
7,14,10.1,12.9,1.0
7,15,12.6,13.3,1.0
7,16,12.9,12.7,1.0
7,17,11.1,14.0,1.0
7,18,9.0,15.4,1.0
7,19,7.8,14.9,1.0
7,20,7.2,12.9,1.0
8,1,2.2,0.1,1.0
8,2,19.6,0.1,1.0
8,3,19.8,0.3,1.0
8,4,17.5,0.1,1.0
8,5,0.1,0.1,1.0
8,6,11.8,19.8,1.0
8,7,15.5,19.8,1.0
8,8,0.1,19.8,1.0
8,9,0.1,0.3,1.0
8,10,0.3,19.8,1.0
8,11,0.1,19.0,1.0
8,12,5.7,15.5,1.0
8,13,8.3,9.4,1.0
8,14,7.6,10.3,1.0
8,15,11.2,13.1,1.0
8,16,12.7,13.0,1.0
8,17,12.0,13.3,1.0
8,18,10.1,14.6,1.0
8,19,8.4,15.1,1.0
8,20,7.5,13.8,1.0
9,1,0.5,19.8,1.0
9,2,0.1,0.1,1.0
9,3,19.8,0.1,1.0
9,4,19.7,20.0,1.0
9,5,14.2,19.8,1.0
9,6,4.3,19.8,1.0
9,7,5.1,4.4,1.0
9,8,0.1,0.3,1.0
9,9,0.1,5.6,1.0
9,10,0.3,19.8,1.0
9,11,19.7,0.4,1.0
9,12,2.8,17.3,1.0
9,13,7.0,12.5,1.0
9,14,7.9,9.9,1.0
9,15,9.4,11.7,1.0
9,16,12.0,13.0,1.0
9,17,12.4,13.1,1.0
9,18,11.0,14.0,1.0
9,19,9.2,14.9,1.0
9,20,7.9,14.4,1.0
10,1,19.8,7.9,1.0
10,2,0.1,3.6,1.0
10,3,19.8,0.2,1.0
10,4,0.1,19.7,1.0
10,5,6.6,19.8,1.0
10,6,19.8,20.0,1.0
10,7,0.1,19.5,1.0
10,8,19.8,19.8,1.0
10,9,0.1,0.1,1.0
10,10,8.2,0.1,1.0
10,11,0.4,19.7,1.0
10,12,11.4,8.6,1.0
10,13,4.9,14.9,1.0
10,14,7.5,11.2,1.0
10,15,8.7,10.8,1.0
10,16,10.7,12.4,1.0
10,17,12.2,13.1,1.0
10,18,11.7,13.6,1.0
10,19,10.1,14.4,1.0
10,20,8.6,14.6,1.0
11,1,19.8,20.0,1.0
11,2,0.1,19.8,1.0
11,3,0.4,19.7,1.0
11,4,7.9,17.6,1.0
11,5,0.1,19.6,1.0
11,6,0.1,0.1,1.0
11,7,0.3,19.5,1.0
11,8,0.1,7.8,1.0
11,9,19.8,0.1,1.0
11,10,17.3,1.9,1.0
11,11,19.7,19.7,1.0
11,12,5.8,14.3,1.0
11,13,8.2,11.7,1.0
11,14,6.2,13.0,1.0
11,15,8.1,11.0,1.0
11,16,9.7,11.6,1.0
11,17,11.4,12.6,1.0
11,18,11.9,13.3,1.0
11,19,10.9,14.0,1.0
11,20,9.4,14.5,1.0
12,1,0.1,0.1,1.0
12,2,0.1,19.8,1.0
12,3,19.5,20.0,1.0
12,4,19.7,0.1,1.0
12,5,0.1,7.9,1.0
12,6,0.1,0.3,1.0
12,7,0.4,19.8,1.0
12,8,0.1,1.1,1.0
12,9,1.4,19.8,1.0
12,10,19.8,12.2,1.0
12,11,19.7,0.4,1.0
12,12,12.9,17.2,1.0
12,13,6.9,13.0,1.0
12,14,7.2,12.4,1.0
12,15,7.1,12.0,1.0
12,16,8.9,11.3,1.0
12,17,10.6,12.1,1.0
12,18,11.7,13.0,1.0
12,19,11.4,13.7,1.0
12,20,10.1,14.3,1.0
13,1,12.4,19.8,1.0
13,2,19.7,20.0,1.0
13,3,9.7,19.3,1.0
13,4,12.6,9.3,1.0
13,5,19.8,0.1,1.0
13,6,17.8,0.1,1.0
13,7,13.4,5.2,1.0
13,8,19.8,0.3,1.0
13,9,19.8,19.8,1.0
13,10,2.9,19.8,1.0
13,11,0.1,0.1,1.0
13,12,16.4,8.6,1.0
13,13,9.9,15.1,1.0
13,14,7.1,12.6,1.0
13,15,7.1,12.2,1.0
13,16,8.0,11.6,1.0
13,17,9.7,11.7,1.0
13,18,11.1,12.6,1.0
13,19,11.6,13.3,1.0
13,20,10.8,14.0,1.0
14,1,6.5,19.8,1.0
14,2,19.7,20.0,1.0
14,3,19.8,0.1,1.0
14,4,19.7,19.7,1.0
14,5,0.1,0.1,1.0
14,6,0.1,19.8,1.0
14,7,17.6,13.2,1.0
14,8,19.8,19.5,1.0
14,9,19.8,0.9,1.0
14,10,19.1,19.8,1.0
14,11,0.1,4.2,1.0
14,12,8.2,4.3,1.0
14,13,13.2,11.8,1.0
14,14,8.5,13.9,1.0
14,15,7.1,12.4,1.0
14,16,7.6,11.9,1.0
14,17,8.9,11.7,1.0
14,18,10.4,12.1,1.0
14,19,11.3,13.0,1.0
14,20,11.2,13.6,1.0
15,1,0.1,0.1,1.0
15,2,10.4,0.1,1.0
15,3,10.2,0.1,1.0
15,4,0.1,19.7,1.0
15,5,0.4,19.8,1.0
15,6,19.8,20.0,1.0
15,7,0.1,0.3,1.0
15,8,19.8,0.1,1.0
15,9,0.1,15.2,1.0
15,10,19.8,0.3,1.0
15,11,2.0,0.1,1.0
15,12,4.1,4.2,1.0
15,13,10.7,8.1,1.0
15,14,10.8,12.9,1.0
15,15,7.8,13.2,1.0
15,16,7.3,12.2,1.0
15,17,8.2,11.8,1.0
15,18,9.6,11.9,1.0
15,19,10.9,12.6,1.0
15,20,11.3,13.3,1.0
16,1,0.1,19.8,1.0
16,2,19.7,20.0,1.0
16,3,12.7,1.3,1.0
16,4,16.9,19.7,1.0
16,5,0.1,0.1,1.0
16,6,0.1,2.6,1.0
16,7,0.1,7.9,1.0
16,8,19.8,0.7,1.0
16,9,19.8,13.5,1.0
16,10,19.8,0.1,1.0
16,11,0.1,13.5,1.0
16,12,3.0,2.2,1.0
16,13,7.3,6.2,1.0
16,14,10.8,10.5,1.0
16,15,9.3,13.0,1.0
16,16,7.6,12.9,1.0
16,17,7.8,12.0,1.0
16,18,8.9,11.9,1.0
16,19,10.3,12.2,1.0
16,20,11.1,12.9,1.0
17,1,0.1,19.8,1.0
17,2,19.7,0.1,1.0
17,3,19.8,7.4,1.0
17,4,19.7,20.0,1.0
17,5,4.7,0.1,1.0
17,6,0.1,0.1,1.0
17,7,0.3,19.8,1.0
17,8,0.1,15.7,1.0
17,9,19.8,19.8,1.0
17,10,0.1,0.3,1.0
17,11,0.1,2.9,1.0
17,12,1.5,7.7,1.0
17,13,5.2,4.1,1.0
17,14,9.1,8.4,1.0
17,15,10.1,11.7,1.0
17,16,8.4,12.9,1.0
17,17,7.7,12.3,1.0
17,18,8.4,11.9,1.0
17,19,9.6,12.0,1.0
17,20,10.7,12.6,1.0
18,1,19.8,20.0,1.0
18,2,0.1,19.2,1.0
18,3,18.8,0.1,1.0
18,4,10.9,10.1,1.0
18,5,19.8,19.8,1.0
18,6,10.9,19.8,1.0
18,7,0.1,19.8,1.0
18,8,0.1,19.6,1.0
18,9,0.1,5.7,1.0
18,10,0.1,0.1,1.0
18,11,5.1,19.7,1.0
18,12,0.8,5.3,1.0
18,13,3.4,5.9,1.0
18,14,7.1,6.2,1.0
18,15,9.6,10.0,1.0
18,16,9.2,12.3,1.0
18,17,8.1,12.6,1.0
18,18,8.0,12.1,1.0
18,19,9.0,12.0,1.0
18,20,10.1,12.3,1.0
19,1,19.8,2.6,1.0
19,2,16.0,19.7,1.0
19,3,0.1,12.1,1.0
19,4,19.7,0.1,1.0
19,5,16.9,4.4,1.0
19,6,16.8,14.3,1.0
19,7,0.1,15.0,1.0
19,8,1.7,19.8,1.0
19,9,18.9,0.1,1.0
19,10,0.1,19.8,1.0
19,11,0.3,19.7,1.0
19,12,2.9,12.6,1.0
19,13,2.2,5.6,1.0
19,14,5.3,6.1,1.0
19,15,8.3,8.1,1.0
19,16,9.4,11.2,1.0
19,17,8.6,12.4,1.0
19,18,8.0,12.4,1.0
19,19,8.5,12.1,1.0
19,20,9.6,12.1,1.0
20,1,17.8,19.8,1.0
20,2,0.1,5.7,1.0
20,3,0.1,0.1,1.0
20,4,16.1,13.4,1.0
20,5,9.8,0.1,1.0
20,6,11.3,0.9,1.0
20,7,0.3,0.1,1.0
20,8,0.1,9.4,1.0
20,9,0.3,0.3,1.0
20,10,6.9,19.8,1.0
20,11,0.1,19.7,1.0
20,12,1.5,16.4,1.0
20,13,2.5,9.1,1.0
20,14,3.7,5.8,1.0
20,15,6.8,7.1,1.0
20,16,8.9,9.6,1.0
20,17,9.0,11.8,1.0
20,18,8.3,12.4,1.0
20,19,8.3,12.2,1.0
20,20,9.0,12.1,1.0
21,1,18.3,19.8,1.0
21,2,19.7,14.3,1.0
21,3,0.1,19.7,1.0
21,4,14.3,0.1,1.0
21,5,0.9,19.8,1.0
21,6,19.8,20.0,1.0
21,7,0.1,0.1,1.0
21,8,0.3,19.8,1.0
21,9,0.3,19.6,1.0
21,10,19.0,19.8,1.0
21,11,16.8,19.7,1.0
21,12,0.7,18.2,1.0
21,13,2.0,12.7,1.0
21,14,3.3,7.5,1.0
21,15,5.2,6.6,1.0
21,16,7.8,8.4,1.0
21,17,8.9,10.7,1.0
21,18,8.7,12.1,1.0
21,19,8.3,12.3,1.0
21,20,8.6,12.3,1.0
22,1,5.3,19.8,1.0
22,2,19.7,20.0,1.0
22,3,11.0,13.9,1.0
22,4,0.1,0.1,1.0
22,5,16.0,0.1,1.0
22,6,16.3,0.1,1.0
22,7,0.1,0.4,1.0
22,8,0.1,15.1,1.0
22,9,19.0,19.8,1.0
22,10,0.1,10.7,1.0
22,11,0.1,19.7,1.0
22,12,8.8,19.1,1.0
22,13,1.4,15.3,1.0
22,14,2.5,10.2,1.0
22,15,4.2,7.0,1.0
22,16,6.6,7.4,1.0
22,17,8.4,9.5,1.0
22,18,8.8,11.4,1.0
22,19,8.5,12.2,1.0
22,20,8.5,12.4,1.0
23,1,19.8,0.1,1.0
23,2,0.1,19.8,1.0
23,3,2.8,12.0,1.0
23,4,10.3,5.6,1.0
23,5,0.4,19.8,1.0
23,6,4.1,10.4,1.0
23,7,13.8,19.8,1.0
23,8,7.9,0.1,1.0
23,9,0.1,0.1,1.0
23,10,19.8,20.0,1.0
23,11,3.5,16.8,1.0
23,12,4.4,19.5,1.0
23,13,5.1,17.3,1.0
23,14,1.9,12.8,1.0
23,15,3.3,8.5,1.0
23,16,5.3,7.2,1.0
23,17,7.5,8.5,1.0
23,18,8.6,10.5,1.0
23,19,8.6,11.8,1.0
23,20,8.5,12.2,1.0
24,1,3.3,19.8,1.0
24,2,0.1,19.8,1.0
24,3,15.8,19.7,1.0
24,4,5.8,0.1,1.0
24,5,0.1,0.1,1.0
24,6,19.8,20.0,1.0
24,7,0.1,4.3,1.0
24,8,0.4,19.8,1.0
24,9,4.6,0.1,1.0
24,10,3.4,0.1,1.0
24,11,19.7,0.1,1.0
24,12,3.9,18.2,1.0
24,13,4.7,18.4,1.0
24,14,3.5,15.0,1.0
24,15,2.6,10.7,1.0
24,16,4.3,7.9,1.0
24,17,6.4,7.8,1.0
24,18,8.0,9.5,1.0
24,19,8.6,11.1,1.0
24,20,8.6,12.0,1.0
25,1,8.3,19.8,1.0
25,2,19.7,15.8,1.0
25,3,17.6,2.2,1.0
25,4,19.7,0.1,1.0
25,5,4.4,0.1,1.0
25,6,15.1,2.9,1.0
25,7,0.1,9.2,1.0
25,8,19.8,2.6,1.0
25,9,19.8,8.3,1.0
25,10,0.1,19.8,1.0
25,11,15.0,19.7,1.0
25,12,12.0,9.1,1.0
25,13,4.3,18.3,1.0
25,14,4.1,16.7,1.0
25,15,3.1,12.8,1.0
25,16,3.5,9.3,1.0
25,17,5.4,7.9,1.0
25,18,7.2,8.7,1.0
25,19,8.3,10.3,1.0
25,20,8.6,11.6,1.0
26,1,0.1,12.0,1.0
26,2,0.1,19.8,1.0
26,3,0.4,19.7,1.0
26,4,19.7,20.0,1.0
26,5,0.1,9.3,1.0
26,6,0.1,8.0,1.0
26,7,0.1,0.1,1.0
26,8,19.8,19.8,1.0
26,9,19.8,19.6,1.0
26,10,7.2,0.1,1.0
26,11,19.5,19.7,1.0
26,12,13.5,14.5,1.0
26,13,8.2,13.7,1.0
26,14,4.2,17.6,1.0
26,15,3.6,14.8,1.0
26,16,3.3,11.0,1.0
26,17,4.4,8.6,1.0
26,18,6.3,8.4,1.0
26,19,7.8,9.5,1.0
26,20,8.5,10.9,1.0
27,1,0.1,17.8,1.0
27,2,19.7,0.1,1.0
27,3,19.8,20.0,1.0
27,4,7.9,18.9,1.0
27,5,0.1,0.1,1.0
27,6,19.8,19.8,1.0
27,7,0.1,0.3,1.0
27,8,0.1,19.8,1.0
27,9,19.8,0.3,1.0
27,10,0.3,19.8,1.0
27,11,4.8,0.1,1.0
27,12,16.8,17.3,1.0
27,13,10.8,14.1,1.0
27,14,6.2,15.6,1.0
27,15,3.9,16.2,1.0
27,16,3.4,12.9,1.0
27,17,3.9,9.8,1.0
27,18,5.4,8.4,1.0
27,19,7.0,8.9,1.0
27,20,8.1,10.2,1.0
28,1,0.1,19.8,1.0
28,2,19.7,19.4,1.0
28,3,0.1,0.1,1.0
28,4,0.1,3.1,1.0
28,5,19.8,20.0,1.0
28,6,0.3,0.1,1.0
28,7,19.6,4.3,1.0
28,8,0.1,3.9,1.0
28,9,19.8,0.8,1.0
28,10,0.3,19.8,1.0
28,11,0.1,8.7,1.0
28,12,10.8,8.6,1.0
28,13,13.8,15.7,1.0
28,14,8.5,14.9,1.0
28,15,5.1,15.9,1.0
28,16,3.7,14.5,1.0
28,17,3.7,11.4,1.0
28,18,4.6,9.1,1.0
28,19,6.2,8.6,1.0
28,20,7.6,9.5,1.0
29,1,0.1,19.8,1.0
29,2,3.0,13.5,1.0
29,3,0.3,19.7,1.0
29,4,14.6,19.7,1.0
29,5,0.1,4.1,1.0
29,6,0.5,19.8,1.0
29,7,19.6,20.0,1.0
29,8,11.4,0.1,1.0
29,9,1.9,1.3,1.0
29,10,0.1,18.5,1.0
29,11,0.5,19.5,1.0
29,12,5.4,8.7,1.0
29,13,12.3,12.2,1.0
29,14,11.2,15.3,1.0
29,15,6.8,15.4,1.0
29,16,4.4,15.2,1.0
29,17,3.7,12.9,1.0
29,18,4.1,10.2,1.0
29,19,5.4,8.9,1.0
29,20,6.9,9.1,1.0
30,1,2.3,19.8,1.0
30,2,16.8,0.1,1.0
30,3,4.8,0.1,1.0
30,4,19.7,20.0,1.0
30,5,19.8,19.8,1.0
30,6,15.4,19.8,1.0
30,7,0.1,9.8,1.0
30,8,15.5,0.1,1.0
30,9,2.6,19.8,1.0
30,10,19.8,0.1,1.0
30,11,19.7,5.7,1.0
30,12,2.7,14.3,1.0
30,13,8.8,10.4,1.0
30,14,11.7,13.7,1.0
30,15,9.0,15.3,1.0
30,16,5.6,15.3,1.0
30,17,4.0,14.1,1.0
30,18,3.8,11.6,1.0
30,19,4.8,9.6,1.0
30,20,6.1,9.0,1.0
31,1,19.8,20.0,1.0
31,2,5.6,19.8,1.0
31,3,0.1,0.1,1.0
31,4,0.3,0.1,1.0
31,5,3.8,0.1,1.0
31,6,19.8,8.8,1.0
31,7,19.6,18.6,1.0
31,8,0.1,6.2,1.0
31,9,0.1,19.8,1.0
31,10,0.1,19.6,1.0
31,11,0.3,19.7,1.0
31,12,11.3,10.0,1.0
31,13,5.8,12.4,1.0
31,14,10.3,12.1,1.0
31,15,10.3,14.5,1.0
31,16,7.3,15.3,1.0
31,17,4.8,14.7,1.0
31,18,4.1,12.8,1.0
31,19,4.3,10.6,1.0
31,20,5.5,9.3,1.0
32,1,0.1,15.0,1.0
32,2,19.7,7.9,1.0
32,3,16.5,11.3,1.0
32,4,19.7,6.0,1.0
32,5,0.1,17.0,1.0
32,6,0.8,0.1,1.0
32,7,19.6,0.1,1.0
32,8,0.1,19.8,1.0
32,9,15.9,19.8,1.0
32,10,19.8,20.0,1.0
32,11,0.1,3.5,1.0
32,12,5.7,15.0,1.0
32,13,8.6,11.2,1.0
32,14,8.0,12.2,1.0
32,15,10.3,13.3,1.0
32,16,8.8,14.9,1.0
32,17,6.0,15.0,1.0
32,18,4.4,13.7,1.0
32,19,4.1,11.7,1.0
32,20,4.9,9.9,1.0
33,1,0.1,10.8,1.0
33,2,19.7,8.9,1.0
33,3,12.3,19.7,1.0
33,4,15.6,0.1,1.0
33,5,0.1,18.9,1.0
33,6,0.1,19.8,1.0
33,7,16.1,19.8,1.0
33,8,0.1,0.1,1.0
33,9,0.1,13.9,1.0
33,10,0.3,19.8,1.0
33,11,19.5,3.4,1.0
33,12,2.8,9.3,1.0
33,13,7.1,13.1,1.0
33,14,8.3,11.7,1.0
33,15,9.2,12.9,1.0
33,16,9.6,14.1,1.0
33,17,7.4,14.9,1.0
33,18,5.2,14.4,1.0
33,19,4.3,12.7,1.0
33,20,4.5,10.8,1.0
34,1,19.8,20.0,1.0
34,2,19.7,0.1,1.0
34,3,8.3,19.7,1.0
34,4,0.1,0.1,1.0
34,5,19.8,19.8,1.0
34,6,6.4,19.8,1.0
34,7,0.1,3.1,1.0
34,8,19.8,14.4,1.0
34,9,0.1,0.7,1.0
34,10,19.8,19.6,1.0
34,11,6.6,19.7,1.0
34,12,11.2,6.4,1.0
34,13,5.0,11.2,1.0
34,14,7.7,12.4,1.0
34,15,8.7,12.2,1.0
34,16,9.4,13.4,1.0
34,17,8.5,14.5,1.0
34,18,6.3,14.6,1.0
34,19,4.7,13.5,1.0
34,20,4.4,11.8,1.0
35,1,0.1,0.1,1.0
35,2,7.0,19.8,1.0
35,3,0.1,0.3,1.0
35,4,0.3,0.1,1.0
35,5,0.1,4.4,1.0
35,6,19.3,0.1,1.0
35,7,0.1,19.0,1.0
35,8,19.8,20.0,1.0
35,9,19.8,14.0,1.0
35,10,0.1,16.9,1.0
35,11,0.1,19.7,1.0
35,12,8.8,13.2,1.0
35,13,8.1,8.8,1.0
35,14,6.3,11.8,1.0
35,15,8.2,12.3,1.0
35,16,9.0,12.9,1.0
35,17,8.9,14.0,1.0
35,18,7.4,14.6,1.0
35,19,5.5,14.1,1.0
35,20,4.6,12.7,1.0
36,1,0.1,12.2,1.0
36,2,0.1,17.3,1.0
36,3,0.1,19.7,1.0
36,4,11.8,0.1,1.0
36,5,2.6,2.7,1.0
36,6,19.8,19.6,1.0
36,7,19.6,15.2,1.0
36,8,0.3,19.8,1.0
36,9,0.1,2.6,1.0
36,10,12.1,13.2,1.0
36,11,19.7,7.5,1.0
36,12,4.4,16.6,1.0
36,13,8.4,11.0,1.0
36,14,7.2,10.3,1.0
36,15,7.3,12.1,1.0
36,16,8.6,12.5,1.0
36,17,9.0,13.4,1.0
36,18,8.2,14.3,1.0
36,19,6.5,14.3,1.0
36,20,5.0,13.4,1.0
37,1,0.1,0.4,1.0
37,2,15.5,0.1,1.0
37,3,0.1,19.2,1.0
37,4,0.1,5.2,1.0
37,5,19.8,0.1,1.0
37,6,0.1,19.8,1.0
37,7,17.8,19.8,1.0
37,8,0.1,3.1,1.0
37,9,1.9,0.1,1.0
37,10,19.8,20.0,1.0
37,11,10.5,19.7,1.0
37,12,12.2,12.1,1.0
37,13,6.4,13.8,1.0
37,14,7.8,10.6,1.0
37,15,7.2,11.2,1.0
37,16,8.0,12.3,1.0
37,17,8.8,13.0,1.0
37,18,8.6,13.8,1.0
37,19,7.3,14.3,1.0
37,20,5.8,13.9,1.0
38,1,0.1,19.8,1.0
38,2,19.7,7.6,1.0
38,3,17.7,19.7,1.0
38,4,18.5,19.7,1.0
38,5,0.1,3.1,1.0
38,6,0.1,0.1,1.0
38,7,19.6,20.0,1.0
38,8,9.5,19.8,1.0
38,9,4.1,10.4,1.0
38,10,5.6,19.8,1.0
38,11,0.1,5.7,1.0
38,12,11.3,16.1,1.0
38,13,9.3,12.9,1.0
38,14,7.1,12.2,1.0
38,15,7.5,10.9,1.0
38,16,7.6,11.8,1.0
38,17,8.4,12.6,1.0
38,18,8.7,13.4,1.0
38,19,7.9,14.1,1.0
38,20,6.5,14.1,1.0
39,1,0.1,16.3,1.0
39,2,0.1,0.1,1.0
39,3,14.7,5.5,1.0
39,4,9.5,0.1,1.0
39,5,16.8,19.8,1.0
39,6,0.1,0.3,1.0
39,7,19.6,16.2,1.0
39,8,19.8,4.7,1.0
39,9,0.1,19.8,1.0
39,10,15.3,0.1,1.0
39,11,0.1,9.6,1.0
39,12,5.8,10.9,1.0
39,13,10.3,14.5,1.0
39,14,8.2,12.6,1.0
39,15,7.3,11.6,1.0
39,16,7.6,11.5,1.0
39,17,8.0,12.2,1.0
39,18,8.5,13.0,1.0
39,19,8.3,13.8,1.0
39,20,7.2,14.1,1.0
40,1,0.1,4.2,1.0
40,2,0.1,9.9,1.0
40,3,4.5,19.7,1.0
40,4,0.1,1.7,1.0
40,5,10.9,17.7,1.0
40,6,0.1,19.8,1.0
40,7,0.3,19.8,1.0
40,8,13.9,6.4,1.0
40,9,0.1,19.6,1.0
40,10,9.0,13.3,1.0
40,11,0.3,19.5,1.0
40,12,2.8,10.3,1.0
40,13,8.0,12.6,1.0
40,14,9.3,13.5,1.0
40,15,7.8,12.1,1.0
40,16,7.4,11.5,1.0
40,17,7.8,11.8,1.0
40,18,8.3,12.6,1.0
40,19,8.4,13.4,1.0
40,20,7.8,13.9,1.0
41,1,17.4,19.8,1.0
41,2,5.3,0.1,1.0
41,3,19.8,0.1,1.0
41,4,2.4,0.1,1.0
41,5,19.8,4.3,1.0
41,6,19.8,0.4,1.0
41,7,16.2,19.8,1.0
41,8,0.1,0.1,1.0
41,9,0.1,10.7,1.0
41,10,0.1,19.0,1.0
41,11,2.7,7.6,1.0
41,12,1.4,15.1,1.0
41,13,5.4,11.5,1.0
41,14,8.6,13.1,1.0
41,15,8.5,12.9,1.0
41,16,7.6,11.8,1.0
41,17,7.6,11.6,1.0
41,18,8.0,12.2,1.0
41,19,8.3,13.0,1.0
41,20,8.1,13.7,1.0
42,1,0.1,0.1,1.0
42,2,4.5,19.7,1.0
42,3,0.1,19.7,1.0
42,4,19.5,0.1,1.0
42,5,5.3,19.8,1.0
42,6,14.2,19.8,1.0
42,7,7.4,0.1,1.0
42,8,10.3,19.8,1.0
42,9,0.1,0.3,1.0
42,10,0.1,4.4,1.0
42,11,19.7,18.0,1.0
42,12,2.1,11.4,1.0
42,13,3.4,13.2,1.0
42,14,7.0,12.3,1.0
42,15,8.6,13.0,1.0
42,16,8.1,12.3,1.0
42,17,7.6,11.7,1.0
42,18,7.8,11.9,1.0
42,19,8.2,12.6,1.0
42,20,8.2,13.3,1.0
43,1,1.1,19.8,1.0
43,2,0.1,4.4,1.0
43,3,19.8,20.0,1.0
43,4,0.1,0.6,1.0
43,5,0.5,19.8,1.0
43,6,19.8,14.1,1.0
43,7,0.1,17.1,1.0
43,8,0.1,19.8,1.0
43,9,12.7,19.8,1.0
43,10,0.1,18.2,1.0
43,11,0.1,19.5,1.0
43,12,11.0,14.6,1.0
43,13,2.7,12.3,1.0
43,14,5.2,12.8,1.0
43,15,7.8,12.6,1.0
43,16,8.3,12.5,1.0
43,17,7.8,12.0,1.0
43,18,7.7,11.8,1.0
43,19,8.0,12.3,1.0
43,20,8.2,13.0,1.0
44,1,7.2,7.3,1.0
44,2,0.1,19.8,1.0
44,3,18.3,19.7,1.0
44,4,2.9,13.9,1.0
44,5,0.1,9.2,1.0
44,6,1.4,1.1,1.0
44,7,17.0,0.1,1.0
44,8,0.1,0.1,1.0
44,9,5.8,10.8,1.0
44,10,0.1,5.1,1.0
44,11,19.4,0.1,1.0
44,12,5.5,17.3,1.0
44,13,6.9,13.5,1.0
44,14,4.1,12.6,1.0
44,15,6.5,12.7,1.0
44,16,8.1,12.5,1.0
44,17,8.1,12.3,1.0
44,18,7.8,11.9,1.0
44,19,7.9,12.1,1.0
44,20,8.3,12.6,1.0
45,1,19.8,20.0,1.0
45,2,17.7,4.0,1.0
45,3,1.7,16.4,1.0
45,4,6.0,0.1,1.0
45,5,4.7,19.8,1.0
45,6,0.1,11.2,1.0
45,7,19.6,0.1,1.0
45,8,0.7,18.8,1.0
45,9,19.6,20.0,1.0
45,10,0.1,16.7,1.0
45,11,0.1,0.1,1.0
45,12,12.5,8.7,1.0
45,13,6.2,15.4,1.0
45,14,5.4,13.0,1.0
45,15,5.2,12.6,1.0
45,16,7.3,12.9,1.0
45,17,8.1,12.5,1.0
45,18,7.9,12.1,1.0
45,19,7.8,11.9,1.0
45,20,8.0,12.3,1.0
46,1,19.8,6.5,1.0
46,2,0.8,1.3,1.0
46,3,7.5,12.0,1.0
46,4,0.1,5.6,1.0
46,5,19.8,20.0,1.0
46,6,19.1,0.6,1.0
46,7,13.1,19.8,1.0
46,8,16.8,12.2,1.0
46,9,4.9,4.7,1.0
46,10,14.8,5.6,1.0
46,11,0.1,19.7,1.0
46,12,6.2,4.3,1.0
46,13,9.3,12.0,1.0
46,14,5.8,14.2,1.0
46,15,5.3,12.8,1.0
46,16,6.3,12.7,1.0
46,17,7.7,12.6,1.0
46,18,8.0,12.3,1.0
46,19,7.9,12.0,1.0
46,20,7.8,12.2,1.0
47,1,0.1,0.1,1.0
47,2,10.8,18.9,1.0
47,3,10.8,0.1,1.0
47,4,0.1,0.3,1.0
47,5,0.5,1.7,1.0
47,6,19.8,20.0,1.0
47,7,15.0,0.1,1.0
47,8,5.1,0.2,1.0
47,9,0.1,15.8,1.0
47,10,0.1,15.6,1.0
47,11,7.2,19.7,1.0
47,12,3.1,12.2,1.0
47,13,7.8,8.1,1.0
47,14,7.6,13.1,1.0
47,15,5.5,13.5,1.0
47,16,5.8,12.7,1.0
47,17,7.0,12.6,1.0
47,18,7.8,12.4,1.0
47,19,7.9,12.2,1.0
47,20,7.9,12.0,1.0
48,1,2.2,3.0,1.0
48,2,19.7,11.7,1.0
48,3,0.1,10.8,1.0
48,4,19.7,16.0,1.0
48,5,0.1,19.8,1.0
48,6,5.0,3.2,1.0
48,7,7.5,11.6,1.0
48,8,0.1,12.7,1.0
48,9,6.8,3.1,1.0
48,10,19.5,10.4,1.0
48,11,15.4,16.7,1.0
48,12,5.2,16.1,1.0
48,13,5.4,10.2,1.0
48,14,7.7,10.7,1.0
48,15,6.6,13.3,1.0
48,16,5.8,13.1,1.0
48,17,6.4,12.7,1.0
48,18,7.4,12.5,1.0
48,19,7.9,12.3,1.0
48,20,7.9,12.1,1.0
49,1,10.7,19.8,1.0
49,2,9.9,5.4,1.0
49,3,4.3,10.2,1.0
49,4,0.1,19.7,1.0
49,5,2.6,19.8,1.0
49,6,6.3,3.5,1.0
49,7,0.4,19.8,1.0
49,8,17.5,11.0,1.0
49,9,0.3,14.1,1.0
49,10,0.1,0.1,1.0
49,11,14.5,13.9,1.0
49,12,10.3,16.4,1.0
49,13,5.3,13.1,1.0
49,14,6.6,10.4,1.0
49,15,7.1,12.0,1.0
49,16,6.1,13.2,1.0
49,17,6.0,12.9,1.0
49,18,6.9,12.6,1.0
49,19,7.6,12.4,1.0
49,20,7.9,12.2,1.0
50,1,13.9,10.0,1.0
50,2,9.4,6.4,1.0
50,3,0.5,13.1,1.0
50,4,0.1,0.1,1.0
50,5,0.1,1.0,1.0
50,6,19.8,3.3,1.0
50,7,1.6,19.8,1.0
50,8,18.8,19.8,1.0
50,9,19.8,1.5,1.0
50,10,0.1,5.1,1.0
50,11,0.1,1.2,1.0
50,12,12.4,15.1,1.0
50,13,7.8,14.9,1.0
50,14,5.9,11.8,1.0
50,15,6.8,11.2,1.0
50,16,6.6,12.6,1.0
50,17,6.1,13.1,1.0
50,18,6.5,12.9,1.0
50,19,7.3,12.5,1.0
50,20,7.8,12.3,1.0
51,1,13.9,14.9,1.0
51,2,12.2,9.7,1.0
51,3,15.6,19.7,1.0
51,4,0.1,19.5,1.0
51,5,0.1,17.1,1.0
51,6,19.8,17.9,1.0
51,7,13.3,1.8,1.0
51,8,0.1,0.4,1.0
51,9,0.1,19.8,1.0
51,10,15.9,10.5,1.0
51,11,0.3,18.0,1.0
51,12,6.2,8.1,1.0
51,13,10.1,15.0,1.0
51,14,6.9,13.3,1.0
51,15,6.4,11.5,1.0
51,16,6.7,11.9,1.0
51,17,6.4,12.8,1.0
51,18,6.3,13.0,1.0
51,19,6.9,12.6,1.0
51,20,7.5,12.4,1.0
52,1,8.2,15.5,1.0
52,2,15.5,19.8,1.0
52,3,7.6,2.7,1.0
52,4,6.3,7.8,1.0
52,5,19.8,15.5,1.0
52,6,18.4,10.1,1.0
52,7,0.1,4.4,1.0
52,8,0.5,19.8,1.0
52,9,4.4,19.8,1.0
52,10,15.8,19.8,1.0
52,11,19.7,4.6,1.0
52,12,3.2,13.0,1.0
52,13,8.1,11.5,1.0
52,14,8.5,14.1,1.0
52,15,6.6,12.4,1.0
52,16,6.6,11.7,1.0
52,17,6.4,12.4,1.0
52,18,6.3,12.9,1.0
52,19,6.6,12.8,1.0
52,20,7.2,12.5,1.0
53,1,7.3,7.6,1.0
53,2,0.1,17.7,1.0
53,3,0.1,11.3,1.0
53,4,0.1,4.1,1.0
53,5,6.1,19.8,1.0
53,6,6.7,5.9,1.0
53,7,10.8,3.0,1.0
53,8,2.7,14.9,1.0
53,9,0.3,19.3,1.0
53,10,17.1,17.7,1.0
53,11,17.3,2.2,1.0
53,12,11.6,8.8,1.0
53,13,5.8,12.3,1.0
53,14,8.3,12.9,1.0
53,15,7.5,13.2,1.0
53,16,6.6,12.0,1.0
53,17,6.8,12.0,1.0
53,18,6.4,12.6,1.0
53,19,6.4,12.8,1.0
53,20,6.9,12.6,1.0
54,1,16.5,19.8,1.0
54,2,1.7,13.5,1.0
54,3,0.1,13.5,1.0
54,4,0.1,19.7,1.0
54,5,8.6,8.5,1.0
54,6,6.3,7.5,1.0
54,7,16.8,14.5,1.0
54,8,2.8,6.5,1.0
54,9,10.4,19.8,1.0
54,10,16.5,17.9,1.0
54,11,7.9,3.7,1.0
54,12,14.5,5.6,1.0
54,13,8.6,10.5,1.0
54,14,7.0,12.6,1.0
54,15,7.9,13.0,1.0
54,16,7.3,12.5,1.0
54,17,6.6,12.0,1.0
54,18,6.5,12.3,1.0
54,19,6.4,12.7,1.0
54,20,6.7,12.6,1.0
55,1,1.4,14.1,1.0
55,2,0.1,19.5,1.0
55,3,13.1,19.7,1.0
55,4,0.1,14.7,1.0
55,5,1.5,19.8,1.0
55,6,12.9,5.2,1.0
55,7,8.6,19.8,1.0
55,8,12.9,8.5,1.0
55,9,1.4,14.8,1.0
55,10,7.0,19.8,1.0
55,11,9.8,17.4,1.0
55,12,11.2,4.6,1.0
55,13,11.6,8.1,1.0
55,14,7.8,11.5,1.0
55,15,7.5,12.9,1.0
55,16,7.7,12.9,1.0
55,17,6.8,12.3,1.0
55,18,6.5,12.2,1.0
55,19,6.5,12.5,1.0
55,20,6.6,12.7,1.0
56,1,14.5,19.8,1.0
56,2,10.8,11.9,1.0
56,3,9.8,19.7,1.0
56,4,13.2,19.7,1.0
56,5,0.1,18.5,1.0
56,6,5.1,1.0,1.0
56,7,0.1,1.6,1.0
56,8,7.8,19.8,1.0
56,9,0.1,5.8,1.0
56,10,12.4,19.8,1.0
56,11,17.6,19.7,1.0
56,12,10.5,11.0,1.0
56,13,11.4,6.3,1.0
56,14,9.7,9.8,1.0
56,15,7.6,12.2,1.0
56,16,7.5,12.9,1.0
56,17,7.2,12.6,1.0
56,18,6.7,12.3,1.0
56,19,6.5,12.4,1.0
56,20,6.5,12.6,1.0
57,1,13.7,12.8,1.0
57,2,0.1,2.2,1.0
57,3,7.0,12.1,1.0
57,4,2.6,8.3,1.0
57,5,0.1,19.8,1.0
57,6,9.8,19.8,1.0
57,7,5.8,14.0,1.0
57,8,5.1,10.4,1.0
57,9,13.4,19.8,1.0
57,10,0.3,19.8,1.0
57,11,4.9,19.7,1.0
57,12,14.1,15.5,1.0
57,13,10.9,8.7,1.0
57,14,10.5,8.1,1.0
57,15,8.7,11.0,1.0
57,16,7.6,12.5,1.0
57,17,7.3,12.6,1.0
57,18,6.9,12.4,1.0
57,19,6.6,12.3,1.0
57,20,6.5,12.5,1.0
58,1,13.7,17.6,1.0
58,2,8.4,18.0,1.0
58,3,7.5,14.9,1.0
58,4,2.2,19.7,1.0
58,5,3.3,8.1,1.0
58,6,13.2,8.9,1.0
58,7,0.1,14.7,1.0
58,8,8.7,9.9,1.0
58,9,0.1,19.8,1.0
58,10,12.1,3.0,1.0
58,11,0.3,19.7,1.0
58,12,9.5,17.8,1.0
58,13,12.6,12.1,1.0
58,14,10.7,8.4,1.0
58,15,9.6,9.5,1.0
58,16,8.1,11.7,1.0
58,17,7.4,12.6,1.0
58,18,7.1,12.6,1.0
58,19,6.8,12.4,1.0
58,20,6.5,12.4,1.0
59,1,0.1,3.6,1.0
59,2,12.4,19.8,1.0
59,3,0.1,19.7,1.0
59,4,9.3,19.7,1.0
59,5,0.1,8.5,1.0
59,6,0.3,19.8,1.0
59,7,15.5,7.4,1.0
59,8,6.0,19.8,1.0
59,9,7.2,8.1,1.0
59,10,6.3,4.3,1.0
59,11,12.1,8.0,1.0
59,12,4.7,18.9,1.0
59,13,11.0,14.9,1.0
59,14,11.6,10.2,1.0
59,15,10.2,8.9,1.0
59,16,8.9,10.6,1.0
59,17,7.8,12.2,1.0
59,18,7.3,12.6,1.0
59,19,6.9,12.5,1.0
59,20,6.6,12.4,1.0
60,1,2.3,13.5,1.0
60,2,5.4,6.8,1.0
60,3,5.3,13.6,1.0
60,4,14.0,12.5,1.0
60,5,7.4,4.6,1.0
60,6,4.9,13.3,1.0
60,7,3.3,8.4,1.0
60,8,0.1,19.8,1.0
60,9,9.8,11.2,1.0
60,10,6.4,13.2,1.0
60,11,2.6,13.5,1.0
60,12,8.4,13.4,1.0
60,13,7.9,16.9,1.0
60,14,11.3,12.6,1.0
60,15,10.9,9.6,1.0
60,16,9.5,9.8,1.0
60,17,8.3,11.4,1.0
60,18,7.5,12.4,1.0
60,19,7.1,12.5,1.0
60,20,6.8,12.4,1.0
61,1,4.7,8.4,1.0
61,2,2.3,3.2,1.0
61,3,7.9,14.5,1.0
61,4,7.9,19.7,1.0
61,5,2.6,12.3,1.0
61,6,0.1,9.9,1.0
61,7,6.6,19.8,1.0
61,8,7.1,12.4,1.0
61,9,2.8,15.3,1.0
61,10,0.1,9.7,1.0
61,11,0.1,9.2,1.0
61,12,5.5,13.5,1.0
61,13,8.1,15.2,1.0
61,14,9.6,14.6,1.0
61,15,11.1,11.1,1.0
61,16,10.2,9.7,1.0
61,17,8.9,10.6,1.0
61,18,7.9,11.9,1.0
61,19,7.3,12.4,1.0
61,20,7.0,12.6,1.0
62,1,0.1,16.9,1.0
62,2,1.4,8.9,1.0
62,3,5.8,18.9,1.0
62,4,0.1,19.7,1.0
62,5,5.8,19.8,1.0
62,6,5.5,14.5,1.0
62,7,0.1,19.1,1.0
62,8,12.5,19.6,1.0
62,9,0.1,8.9,1.0
62,10,10.9,15.1,1.0
62,11,0.4,19.7,1.0
62,12,2.7,11.3,1.0
62,13,6.8,14.3,1.0
62,14,8.9,15.0,1.0
62,15,10.3,12.9,1.0
62,16,10.6,10.4,1.0
62,17,9.6,10.1,1.0
62,18,8.4,11.2,1.0
62,19,7.6,12.2,1.0
62,20,7.1,12.5,1.0
63,1,3.0,10.5,1.0
63,2,13.6,10.6,1.0
63,3,1.2,5.0,1.0
63,4,12.6,14.5,1.0
63,5,12.4,5.8,1.0
63,6,3.3,6.8,1.0
63,7,13.6,12.5,1.0
63,8,5.9,10.2,1.0
63,9,5.5,7.3,1.0
63,10,0.1,13.6,1.0
63,11,7.3,4.8,1.0
63,12,1.4,15.7,1.0
63,13,4.8,12.8,1.0
63,14,7.8,14.6,1.0
63,15,9.6,13.9,1.0
63,16,10.5,11.6,1.0
63,17,10.1,10.3,1.0
63,18,9.0,10.7,1.0
63,19,8.0,11.7,1.0
63,20,7.4,12.3,1.0
64,1,1.0,18.3,1.0
64,2,13.7,8.7,1.0
64,3,9.0,13.0,1.0
64,4,8.9,19.7,1.0
64,5,3.4,5.5,1.0
64,6,0.6,5.4,1.0
64,7,3.2,16.4,1.0
64,8,0.1,4.9,1.0
64,9,12.9,18.9,1.0
64,10,10.7,10.5,1.0
64,11,6.3,9.7,1.0
64,12,4.3,10.2,1.0
64,13,3.1,14.2,1.0
64,14,6.3,13.7,1.0
64,15,8.7,14.3,1.0
64,16,10.1,12.9,1.0
64,17,10.3,11.0,1.0
64,18,9.5,10.5,1.0
64,19,8.5,11.2,1.0
64,20,7.7,12.0,1.0
65,1,9.0,12.9,1.0
65,2,9.7,14.4,1.0
65,3,7.3,12.5,1.0
65,4,8.4,15.8,1.0
65,5,1.5,12.2,1.0
65,6,11.9,13.6,1.0
65,7,12.3,9.2,1.0
65,8,0.5,11.7,1.0
65,9,12.3,12.6,1.0
65,10,13.0,9.8,1.0
65,11,8.0,14.1,1.0
65,12,5.3,9.9,1.0
65,13,3.7,12.2,1.0
65,14,4.7,14.0,1.0
65,15,7.5,14.0,1.0
65,16,9.4,13.5,1.0
65,17,10.2,11.9,1.0
65,18,9.8,10.7,1.0
65,19,9.0,10.8,1.0
65,20,8.1,11.6,1.0
66,1,3.6,15.2,1.0
66,2,0.1,16.1,1.0
66,3,9.1,9.4,1.0
66,4,1.2,17.8,1.0
66,5,4.7,12.1,1.0
66,6,10.7,12.6,1.0
66,7,1.3,15.8,1.0
66,8,0.1,8.7,1.0
66,9,5.4,13.4,1.0
66,10,0.1,14.1,1.0
66,11,10.2,8.6,1.0
66,12,6.7,12.0,1.0
66,13,4.5,11.1,1.0
66,14,4.2,13.1,1.0
66,15,6.1,14.0,1.0
66,16,8.5,13.8,1.0
66,17,9.8,12.6,1.0
66,18,10.1,11.3,1.0
66,19,9.5,10.8,1.0
66,20,8.6,11.2,1.0
67,1,8.0,11.2,1.0
67,2,2.6,13.2,1.0
67,3,0.1,18.8,1.0
67,4,1.0,11.6,1.0
67,5,3.0,6.1,1.0
67,6,2.6,9.8,1.0
67,7,0.1,11.1,1.0
67,8,8.2,12.9,1.0
67,9,10.4,15.7,1.0
67,10,3.8,16.8,1.0
67,11,0.2,8.0,1.0
67,12,8.4,10.3,1.0
67,13,5.5,11.6,1.0
67,14,4.4,12.1,1.0
67,15,5.2,13.6,1.0
67,16,7.3,13.9,1.0
67,17,9.1,13.2,1.0
67,18,9.8,12.0,1.0
67,19,9.8,11.0,1.0
67,20,9.0,11.0,1.0
68,1,0.1,7.9,1.0
68,2,1.2,5.9,1.0
68,3,0.1,17.2,1.0
68,4,4.1,11.0,1.0
68,5,4.3,8.9,1.0
68,6,7.8,14.6,1.0
68,7,2.6,14.4,1.0
68,8,6.4,16.3,1.0
68,9,0.1,9.9,1.0
68,10,0.4,14.3,1.0
68,11,6.6,6.3,1.0
68,12,4.3,9.2,1.0
68,13,7.0,11.0,1.0
68,14,5.0,11.8,1.0
68,15,4.8,12.8,1.0
68,16,6.2,13.7,1.0
68,17,8.2,13.6,1.0
68,18,9.5,12.6,1.0
68,19,9.8,11.5,1.0
68,20,9.4,11.0,1.0
69,1,8.8,14.5,1.0
69,2,0.1,9.3,1.0
69,3,1.6,18.3,1.0
69,4,0.1,9.6,1.0
69,5,1.3,14.4,1.0
69,6,7.2,14.6,1.0
69,7,9.6,11.5,1.0
69,8,8.9,15.4,1.0
69,9,0.1,6.4,1.0
69,10,3.8,10.3,1.0
69,11,2.6,16.8,1.0
69,12,5.4,7.7,1.0
69,13,5.5,10.1,1.0
69,14,6.0,11.5,1.0
69,15,4.9,12.3,1.0
69,16,5.5,13.3,1.0
69,17,7.2,13.6,1.0
69,18,8.9,13.1,1.0
69,19,9.7,12.1,1.0
69,20,9.6,11.3,1.0
70,1,2.1,8.7,1.0
70,2,6.3,8.4,1.0
70,3,8.5,12.4,1.0
70,4,0.5,7.4,1.0
70,5,3.3,12.8,1.0
70,6,7.0,7.2,1.0
70,7,8.2,13.3,1.0
70,8,2.6,9.3,1.0
70,9,1.8,17.9,1.0
70,10,7.9,7.8,1.0
70,11,6.2,13.5,1.0
70,12,4.1,12.2,1.0
70,13,5.5,8.9,1.0
70,14,5.8,10.7,1.0
70,15,5.4,11.9,1.0
70,16,5.2,12.8,1.0
70,17,6.5,13.5,1.0
70,18,8.0,13.4,1.0
70,19,9.3,12.6,1.0
70,20,9.6,11.7,1.0
71,1,1.4,8.4,1.0
71,2,0.7,12.2,1.0
71,3,0.1,8.8,1.0
71,4,5.2,17.5,1.0
71,5,6.3,9.0,1.0
71,6,0.7,11.9,1.0
71,7,4.1,7.1,1.0
71,8,6.7,17.0,1.0
71,9,3.0,14.3,1.0
71,10,1.4,7.7,1.0
71,11,7.7,17.6,1.0
71,12,5.1,12.9,1.0
71,13,4.7,10.6,1.0
71,14,5.8,9.8,1.0
71,15,5.5,11.2,1.0
71,16,5.3,12.3,1.0
71,17,5.8,13.1,1.0
71,18,7.2,13.4,1.0
71,19,8.6,13.0,1.0
71,20,9.5,12.1,1.0
72,1,8.1,12.9,1.0
72,2,0.1,14.5,1.0
72,3,0.6,13.1,1.0
72,4,0.1,10.8,1.0
72,5,1.5,11.5,1.0
72,6,4.8,10.8,1.0
72,7,0.1,11.1,1.0
72,8,0.1,13.9,1.0
72,9,0.3,14.0,1.0
72,10,0.1,8.4,1.0
72,11,1.6,16.8,1.0
72,12,6.4,15.2,1.0
72,13,4.9,11.7,1.0
72,14,5.2,10.2,1.0
72,15,5.5,10.5,1.0
72,16,5.5,11.8,1.0
72,17,5.5,12.7,1.0
72,18,6.5,13.3,1.0
72,19,7.9,13.2,1.0
72,20,9.1,12.5,1.0
73,1,5.0,8.3,1.0
73,2,0.3,10.4,1.0
73,3,2.3,11.9,1.0
73,4,0.1,16.4,1.0
73,5,8.4,8.7,1.0
73,6,4.2,15.2,1.0
73,7,1.4,11.7,1.0
73,8,3.0,8.8,1.0
73,9,0.9,16.4,1.0
73,10,1.4,14.9,1.0
73,11,6.8,8.0,1.0
73,12,4.0,15.9,1.0
73,13,5.8,13.5,1.0
73,14,5.1,10.9,1.0
73,15,5.4,10.4,1.0
73,16,5.5,11.1,1.0
73,17,5.5,12.3,1.0
73,18,6.0,13.0,1.0
73,19,7.2,13.2,1.0
73,20,8.5,12.9,1.0
74,1,7.1,15.2,1.0
74,2,4.7,9.0,1.0
74,3,1.9,12.0,1.0
74,4,3.7,15.6,1.0
74,5,8.1,7.7,1.0
74,6,0.1,10.9,1.0
74,7,3.6,15.1,1.0
74,8,6.7,9.3,1.0
74,9,3.4,16.2,1.0
74,10,3.2,13.2,1.0
74,11,1.8,13.9,1.0
74,12,5.4,12.0,1.0
74,13,4.9,14.7,1.0
74,14,5.4,12.2,1.0
74,15,5.2,10.7,1.0
74,16,5.5,10.8,1.0
74,17,5.5,11.7,1.0
74,18,5.8,12.6,1.0
74,19,6.6,13.1,1.0
74,20,7.8,13.0,1.0
75,1,1.4,12.7,1.0
75,2,1.3,9.7,1.0
75,3,0.1,16.7,1.0
75,4,1.5,15.2,1.0
75,5,7.9,9.2,1.0
75,6,1.2,16.0,1.0
75,7,1.7,7.8,1.0
75,8,2.4,8.3,1.0
75,9,4.9,12.5,1.0
75,10,5.9,16.5,1.0
75,11,0.4,13.9,1.0
75,12,3.6,12.9,1.0
75,13,5.1,13.4,1.0
75,14,5.1,13.6,1.0
75,15,5.3,11.5,1.0
75,16,5.4,10.7,1.0
75,17,5.5,11.2,1.0
75,18,5.5,12.2,1.0
75,19,6.2,12.9,1.0
75,20,7.2,13.1,1.0
76,1,3.7,11.2,1.0
76,2,5.4,8.1,1.0
76,3,7.5,9.0,1.0
76,4,7.0,14.9,1.0
76,5,0.1,8.1,1.0
76,6,6.6,15.7,1.0
76,7,2.8,9.9,1.0
76,8,2.2,8.4,1.0
76,9,0.2,13.0,1.0
76,10,3.6,9.1,1.0
76,11,1.9,14.5,1.0
76,12,2.0,13.5,1.0
76,13,4.4,13.1,1.0
76,14,5.1,13.4,1.0
76,15,5.2,12.5,1.0
76,16,5.3,11.1,1.0
76,17,5.5,11.0,1.0
76,18,5.5,11.7,1.0
76,19,5.9,12.5,1.0
76,20,6.7,13.0,1.0
77,1,1.6,15.2,1.0
77,2,0.5,13.6,1.0
77,3,4.3,10.2,1.0
77,4,0.6,11.7,1.0
77,5,1.8,9.0,1.0
77,6,5.3,8.6,1.0
77,7,7.6,14.9,1.0
77,8,0.7,16.2,1.0
77,9,1.9,9.7,1.0
77,10,3.3,15.5,1.0
77,11,2.4,11.1,1.0
77,12,1.9,13.9,1.0
77,13,3.2,13.2,1.0
77,14,4.7,13.3,1.0
77,15,5.2,12.9,1.0
77,16,5.3,11.8,1.0
77,17,5.4,11.0,1.0
77,18,5.5,11.2,1.0
77,19,5.8,12.1,1.0
77,20,6.3,12.8,1.0
78,1,3.6,15.9,1.0
78,2,2.0,14.4,1.0
78,3,4.0,15.4,1.0
78,4,1.9,11.0,1.0
78,5,7.0,12.9,1.0
78,6,2.9,14.1,1.0
78,7,3.1,11.7,1.0
78,8,4.1,10.6,1.0
78,9,0.8,8.8,1.0
78,10,7.2,13.3,1.0
78,11,6.6,11.1,1.0
78,12,2.2,12.5,1.0
78,13,2.6,13.6,1.0
78,14,4.1,13.3,1.0
78,15,5.0,13.1,1.0
78,16,5.2,12.3,1.0
78,17,5.3,11.5,1.0
78,18,5.4,11.2,1.0
78,19,5.5,11.7,1.0
78,20,6.0,12.4,1.0
79,1,2.1,10.7,1.0
79,2,6.5,15.3,1.0
79,3,1.4,13.5,1.0
79,4,3.0,11.6,1.0
79,5,4.4,12.6,1.0
79,6,0.7,12.0,1.0
79,7,3.3,12.4,1.0
79,8,1.4,14.9,1.0
79,9,1.4,15.6,1.0
79,10,4.2,9.9,1.0
79,11,4.0,9.6,1.0
79,12,4.4,11.9,1.0
79,13,2.4,13.1,1.0
79,14,3.3,13.5,1.0
79,15,4.5,13.2,1.0
79,16,5.1,12.7,1.0
79,17,5.3,11.9,1.0
79,18,5.4,11.2,1.0
79,19,5.5,11.5,1.0
79,20,5.8,12.1,1.0
80,1,2.5,13.7,1.0
80,2,1.2,14.6,1.0
80,3,3.0,9.1,1.0
80,4,5.8,10.5,1.0
80,5,0.7,11.2,1.0
80,6,4.7,10.1,1.0
80,7,6.0,10.8,1.0
80,8,0.7,9.2,1.0
80,9,3.0,9.9,1.0
80,10,6.2,14.9,1.0
80,11,6.9,12.9,1.0
80,12,4.2,10.8,1.0
80,13,3.4,12.5,1.0
80,14,2.8,13.2,1.0
80,15,3.8,13.2,1.0
80,16,4.8,13.0,1.0
80,17,5.2,12.3,1.0
80,18,5.3,11.6,1.0
80,19,5.5,11.5,1.0
80,20,5.8,11.8,1.0
81,1,6.5,11.1,1.0
81,2,3.0,12.9,1.0
81,3,4.4,9.7,1.0
81,4,4.5,13.5,1.0
81,5,3.3,14.9,1.0
81,6,3.1,11.7,1.0
81,7,4.7,9.4,1.0
81,8,1.3,15.3,1.0
81,9,1.2,9.5,1.0
81,10,4.5,9.4,1.0
81,11,5.9,10.0,1.0
81,12,5.5,11.7,1.0
81,13,3.8,11.6,1.0
81,14,3.1,13.1,1.0
81,15,3.4,13.2,1.0
81,16,4.3,13.1,1.0
81,17,5.0,12.6,1.0
81,18,5.3,11.9,1.0
81,19,5.4,11.5,1.0
81,20,5.8,11.6,1.0
82,1,5.9,13.0,1.0
82,2,2.4,11.1,1.0
82,3,1.9,11.2,1.0
82,4,3.3,11.6,1.0
82,5,5.6,14.9,1.0
82,6,3.4,10.9,1.0
82,7,2.5,12.7,1.0
82,8,5.1,13.6,1.0
82,9,6.0,9.6,1.0
82,10,4.6,13.1,1.0
82,11,1.1,13.1,1.0
82,12,5.8,10.8,1.0
82,13,4.7,11.7,1.0
82,14,3.4,12.2,1.0
82,15,3.2,13.1,1.0
82,16,3.8,13.1,1.0
82,17,4.6,12.9,1.0
82,18,5.1,12.3,1.0
82,19,5.3,11.7,1.0
82,20,5.5,11.5,1.0
83,1,5.5,9.5,1.0
83,2,4.5,12.2,1.0
83,3,5.8,12.3,1.0
83,4,3.1,12.7,1.0
83,5,3.6,12.5,1.0
83,6,1.9,9.7,1.0
83,7,5.1,11.9,1.0
83,8,2.3,12.2,1.0
83,9,5.5,11.5,1.0
83,10,4.7,11.4,1.0
83,11,6.1,11.9,1.0
83,12,3.4,12.0,1.0
83,13,5.2,11.2,1.0
83,14,4.1,12.0,1.0
83,15,3.4,12.7,1.0
83,16,3.5,13.1,1.0
83,17,4.2,13.0,1.0
83,18,4.9,12.6,1.0
83,19,5.2,12.1,1.0
83,20,5.4,11.7,1.0
84,1,3.3,10.2,1.0
84,2,3.3,12.8,1.0
84,3,5.4,11.0,1.0
84,4,3.4,11.6,1.0
84,5,5.3,10.4,1.0
84,6,1.5,14.0,1.0
84,7,2.7,13.1,1.0
84,8,5.5,14.5,1.0
84,9,5.8,14.5,1.0
84,10,5.9,14.1,1.0
84,11,2.4,10.4,1.0
84,12,4.7,11.9,1.0
84,13,4.3,11.6,1.0
84,14,4.6,11.6,1.0
84,15,3.7,12.3,1.0
84,16,3.4,13.0,1.0
84,17,3.8,13.1,1.0
84,18,4.6,12.8,1.0
84,19,5.0,12.3,1.0
84,20,5.3,11.8,1.0
85,1,5.4,12.7,1.0
85,2,4.2,9.9,1.0
85,3,5.8,10.5,1.0
85,4,2.3,13.6,1.0
85,5,5.5,13.0,1.0
85,6,2.6,12.9,1.0
85,7,4.1,13.2,1.0
85,8,5.9,10.3,1.0
85,9,3.0,12.1,1.0
85,10,6.0,12.1,1.0
85,11,5.2,13.5,1.0
85,12,3.6,11.2,1.0
85,13,4.5,11.8,1.0
85,14,4.5,11.6,1.0
85,15,4.2,12.0,1.0
85,16,3.6,12.6,1.0
85,17,3.7,13.0,1.0
85,18,4.2,13.0,1.0
85,19,4.8,12.6,1.0
85,20,5.2,12.0,1.0
86,1,1.5,13.9,1.0
86,2,3.2,11.4,1.0
86,3,1.9,12.7,1.0
86,4,5.9,10.1,1.0
86,5,5.1,13.6,1.0
86,6,2.7,11.4,1.0
86,7,5.3,10.4,1.0
86,8,2.2,10.5,1.0
86,9,5.1,12.9,1.0
86,10,2.7,12.9,1.0
86,11,4.6,12.7,1.0
86,12,4.4,12.3,1.0
86,13,4.1,11.5,1.0
86,14,4.5,11.7,1.0
86,15,4.3,11.8,1.0
86,16,3.8,12.3,1.0
86,17,3.6,12.8,1.0
86,18,3.8,13.0,1.0
86,19,4.4,12.8,1.0
86,20,5.0,12.3,1.0
87,1,5.1,13.4,1.0
87,2,2.7,10.4,1.0
87,3,4.9,11.5,1.0
87,4,2.3,11.9,1.0
87,5,5.0,11.8,1.0
87,6,4.2,13.0,1.0
87,7,4.2,13.2,1.0
87,8,5.3,13.5,1.0
87,9,3.9,11.4,1.0
87,10,2.8,12.0,1.0
87,11,5.0,12.7,1.0
87,12,4.5,12.5,1.0
87,13,4.2,11.9,1.0
87,14,4.3,11.6,1.0
87,15,4.4,11.8,1.0
87,16,4.1,12.1,1.0
87,17,3.7,12.5,1.0
87,18,3.8,12.9,1.0
87,19,4.2,12.8,1.0
87,20,4.8,12.5,1.0
88,1,4.9,11.6,1.0
88,2,5.8,12.8,1.0
88,3,2.9,12.0,1.0
88,4,4.1,13.5,1.0
88,5,4.5,11.6,1.0
88,6,3.7,10.8,1.0
88,7,5.2,11.2,1.0
88,8,5.5,10.8,1.0
88,9,5.5,11.5,1.0
88,10,5.0,13.5,1.0
88,11,2.1,11.0,1.0
88,12,4.8,12.6,1.0
88,13,4.4,12.2,1.0
88,14,4.2,11.7,1.0
88,15,4.3,11.9,1.0
88,16,4.1,11.9,1.0
88,17,3.8,12.3,1.0
88,18,3.7,12.7,1.0
88,19,4.1,12.9,1.0
88,20,4.5,12.7,1.0
89,1,2.1,12.5,1.0
89,2,4.1,13.7,1.0
89,3,4.3,13.4,1.0
89,4,2.6,13.1,1.0
89,5,5.3,14.0,1.0
89,6,2.5,12.5,1.0
89,7,3.5,11.6,1.0
89,8,4.1,12.6,1.0
89,9,2.2,12.1,1.0
89,10,3.2,10.8,1.0
89,11,2.7,10.5,1.0
89,12,3.4,11.8,1.0
89,13,4.6,12.4,1.0
89,14,4.3,12.0,1.0
89,15,4.3,11.7,1.0
89,16,4.5,11.7,1.0
89,17,4.1,12.1,1.0
89,18,3.8,12.5,1.0
89,19,3.8,12.8,1.0
89,20,4.2,12.8,1.0
90,1,2.1,12.2,1.0
90,2,3.0,12.7,1.0
90,3,2.3,11.1,1.0
90,4,2.3,13.6,1.0
90,5,5.4,10.7,1.0
90,6,4.1,10.6,1.0
90,7,3.5,12.7,1.0
90,8,4.8,12.2,1.0
90,9,2.2,13.1,1.0
90,10,3.2,12.3,1.0
90,11,3.7,12.4,1.0
90,12,3.1,11.2,1.0
90,13,4.1,12.1,1.0
90,14,4.4,12.2,1.0
90,15,4.3,11.8,1.0
90,16,4.5,11.7,1.0
90,17,4.3,12.0,1.0
90,18,3.8,12.2,1.0
90,19,3.8,12.9,1.0
90,20,4.1,12.8,1.0
91,1,4.4,12.6,1.0
91,2,3.6,11.1,1.0
91,3,2.9,13.0,1.0
91,4,4.7,11.0,1.0
91,5,3.4,12.7,1.0
91,6,4.6,13.8,1.0
91,7,4.7,13.3,1.0
91,8,5.0,11.5,1.0
91,9,2.3,13.2,1.0
91,10,2.7,12.3,1.0
91,11,4.8,13.0,1.0
91,12,3.4,11.9,1.0
91,13,3.5,11.6,1.0
91,14,4.2,12.2,1.0
91,15,4.4,12.0,1.0
91,16,4.3,11.7,1.0
91,17,4.1,11.8,1.0
91,18,4.1,12.0,1.0
91,19,3.8,12.5,1.0
91,20,4.1,12.7,1.0
92,1,4.2,13.5,1.0
92,2,2.3,11.7,1.0
92,3,2.7,12.8,1.0
92,4,3.0,13.5,1.0
92,5,3.7,12.7,1.0
92,6,4.3,12.9,1.0
92,7,3.4,12.2,1.0
92,8,2.9,12.0,1.0
92,9,4.1,13.1,1.0
92,10,2.4,11.0,1.0
92,11,5.1,11.6,1.0
92,12,4.1,12.5,1.0
92,13,3.5,11.8,1.0
92,14,4.1,11.9,1.0
92,15,4.3,12.1,1.0
92,16,4.4,11.8,1.0
92,17,4.2,11.7,1.0
92,18,4.1,12.1,1.0
92,19,4.1,12.3,1.0
92,20,3.8,12.5,1.0
93,1,4.4,11.1,1.0
93,2,2.8,11.1,1.0
93,3,3.0,13.1,1.0
93,4,3.4,11.7,1.0
93,5,3.5,13.0,1.0
93,6,3.6,12.4,1.0
93,7,3.6,11.5,1.0
93,8,2.7,13.2,1.0
93,9,2.7,13.0,1.0
93,10,4.8,12.3,1.0
93,11,4.7,12.0,1.0
93,12,4.5,12.1,1.0
93,13,3.8,12.1,1.0
93,14,3.7,11.8,1.0
93,15,4.1,12.0,1.0
93,16,4.3,12.0,1.0
93,17,4.3,11.8,1.0
93,18,4.1,11.8,1.0
93,19,4.1,12.2,1.0
93,20,4.1,12.4,1.0
94,1,4.4,12.9,1.0
94,2,3.2,11.0,1.0
94,3,2.7,11.5,1.0
94,4,4.4,11.8,1.0
94,5,3.7,11.1,1.0
94,6,3.9,11.2,1.0
94,7,3.5,12.0,1.0
94,8,3.8,12.6,1.0
94,9,4.7,11.8,1.0
94,10,2.5,12.8,1.0
94,11,2.8,12.0,1.0
94,12,4.6,12.1,1.0
94,13,4.2,12.1,1.0
94,14,3.7,12.2,1.0
94,15,3.8,11.8,1.0
94,16,4.4,12.1,1.0
94,17,4.2,11.9,1.0
94,18,4.2,11.7,1.0
94,19,4.1,12.3,1.0
94,20,4.1,12.5,1.0
95,1,3.6,12.5,1.0
95,2,4.1,11.4,1.0
95,3,3.5,11.3,1.0
95,4,4.2,12.2,1.0
95,5,4.1,12.0,1.0
95,6,4.4,12.8,1.0
95,7,4.4,13.0,1.0
95,8,3.6,12.3,1.0
95,9,3.5,13.2,1.0
95,10,2.3,13.2,1.0
95,11,4.1,12.9,1.0
95,12,3.7,11.9,1.0
95,13,4.5,12.1,1.0
95,14,4.1,11.8,1.0
95,15,3.8,12.1,1.0
95,16,3.8,12.3,1.0
95,17,4.3,12.0,1.0
95,18,4.4,11.8,1.0
95,19,4.2,11.6,1.0
95,20,4.1,12.5,1.0
96,1,4.1,11.5,1.0
96,2,4.2,11.1,1.0
96,3,3.8,12.2,1.0
96,4,3.7,12.5,1.0
96,5,3.5,11.9,1.0
96,6,2.9,12.8,1.0
96,7,4.3,12.8,1.0
96,8,3.2,13.1,1.0
96,9,4.4,11.7,1.0
96,10,3.8,12.0,1.0
96,11,4.5,11.2,1.0
96,12,4.1,12.4,1.0
96,13,4.1,12.0,1.0
96,14,4.3,12.0,1.0
96,15,4.1,12.2,1.0
96,16,3.8,11.7,1.0
96,17,4.3,12.2,1.0
96,18,4.2,11.8,1.0
96,19,4.5,12.2,1.0
96,20,4.3,12.4,1.0
97,1,4.1,12.4,1.0
97,2,3.0,11.7,1.0
97,3,2.7,11.4,1.0
97,4,3.4,12.1,1.0
97,5,4.3,11.7,1.0
97,6,2.6,13.0,1.0
97,7,3.0,12.5,1.0
97,8,3.5,11.7,1.0
97,9,2.7,11.7,1.0
97,10,4.2,12.8,1.0
97,11,4.3,11.4,1.0
97,12,4.2,11.9,1.0
97,13,4.1,12.2,1.0
97,14,4.3,12.1,1.0
97,15,3.8,12.0,1.0
97,16,3.8,12.2,1.0
97,17,3.8,11.8,1.0
97,18,4.4,11.9,1.0
97,19,4.1,11.7,1.0
97,20,4.3,12.3,1.0
98,1,3.6,12.5,1.0
98,2,4.3,12.3,1.0
98,3,3.2,12.4,1.0
98,4,3.7,12.1,1.0
98,5,2.7,11.8,1.0
98,6,3.6,11.9,1.0
98,7,2.6,12.9,1.0
98,8,2.8,13.1,1.0
98,9,3.8,12.5,1.0
98,10,3.8,11.3,1.0
98,11,3.5,13.0,1.0
98,12,4.3,11.6,1.0
98,13,4.1,12.0,1.0
98,14,4.3,12.1,1.0
98,15,4.1,12.2,1.0
98,16,3.8,11.8,1.0
98,17,4.1,11.8,1.0
98,18,4.3,11.9,1.0
98,19,4.5,11.9,1.0
98,20,4.5,11.7,1.0
99,1,3.8,12.0,1.0
99,2,3.6,11.8,1.0
99,3,3.3,12.7,1.0
99,4,3.4,13.0,1.0
99,5,3.2,12.4,1.0
99,6,3.7,11.6,1.0
99,7,2.5,11.6,1.0
99,8,4.1,12.6,1.0
99,9,4.3,12.0,1.0
99,10,3.5,11.6,1.0
99,11,3.5,12.7,1.0
99,12,3.8,12.3,1.0
99,13,4.2,11.8,1.0
99,14,4.1,12.2,1.0
99,15,4.1,12.0,1.0
99,16,4.3,12.4,1.0
99,17,4.1,12.4,1.0
99,18,4.4,12.2,1.0
99,19,4.4,11.8,1.0
99,20,4.5,12.0,1.0
100,1,3.8,11.7,1.0
100,2,4.2,11.9,1.0
100,3,3.1,12.9,1.0
100,4,3.3,12.1,1.0
100,5,3.0,11.5,1.0
100,6,2.9,12.0,1.0
100,7,3.1,11.7,1.0
100,8,4.2,12.6,1.0
100,9,4.1,12.1,1.0
100,10,2.9,12.9,1.0
100,11,2.8,12.6,1.0
100,12,3.6,12.5,1.0
100,13,4.1,12.3,1.0
100,14,4.3,12.1,1.0
100,15,4.3,12.3,1.0
100,16,3.8,12.0,1.0
100,17,3.8,12.3,1.0
100,18,4.1,11.7,1.0
100,19,4.3,11.7,1.0
100,20,4.5,11.9,1.0
101,1,3.0,11.5,1.0
101,2,3.4,12.2,1.0
101,3,2.7,12.0,1.0
101,4,2.9,12.4,1.0
101,5,3.8,12.2,1.0
101,6,3.1,12.0,1.0
101,7,3.3,12.0,1.0
101,8,3.6,12.4,1.0
101,9,4.2,11.7,1.0
101,10,3.2,11.8,1.0
101,11,3.4,11.7,1.0
101,12,3.2,12.5,1.0
101,13,3.8,12.4,1.0
101,14,4.1,12.0,1.0
101,15,4.1,12.2,1.0
101,16,4.3,12.2,1.0
101,17,3.8,12.0,1.0
101,18,3.8,11.8,1.0
101,19,4.4,12.0,1.0
101,20,4.4,11.8,1.0
102,1,2.9,12.9,1.0
102,2,3.5,12.3,1.0
102,3,3.8,12.0,1.0
102,4,2.9,12.6,1.0
102,5,3.2,12.5,1.0
102,6,2.8,12.0,1.0
102,7,3.6,12.5,1.0
102,8,3.0,12.0,1.0
102,9,2.7,11.8,1.0
102,10,3.0,11.7,1.0
102,11,4.1,12.8,1.0
102,12,3.2,12.2,1.0
102,13,3.4,12.5,1.0
102,14,4.1,12.1,1.0
102,15,4.1,11.9,1.0
102,16,4.3,11.8,1.0
102,17,4.1,12.3,1.0
102,18,3.8,11.8,1.0
102,19,3.8,12.3,1.0
102,20,4.3,12.3,1.0
103,1,3.0,12.7,1.0
103,2,3.5,12.1,1.0
103,3,3.6,12.5,1.0
103,4,3.7,12.8,1.0
103,5,3.5,11.7,1.0
103,6,3.2,12.6,1.0
103,7,3.3,11.9,1.0
103,8,3.3,12.8,1.0
103,9,3.7,11.8,1.0
103,10,2.9,12.1,1.0
103,11,3.0,12.3,1.0
103,12,3.8,12.5,1.0
103,13,3.3,12.3,1.0
103,14,3.7,12.3,1.0
103,15,4.1,12.1,1.0
103,16,4.3,12.0,1.0
103,17,4.1,11.9,1.0
103,18,3.8,12.0,1.0
103,19,4.1,12.3,1.0
103,20,4.3,11.8,1.0
104,1,3.5,12.3,1.0
104,2,3.2,12.6,1.0
104,3,3.3,12.2,1.0
104,4,2.9,12.0,1.0
104,5,3.0,11.8,1.0
104,6,3.7,12.2,1.0
104,7,3.2,11.9,1.0
104,8,4.1,12.1,1.0
104,9,3.7,12.4,1.0
104,10,3.1,12.3,1.0
104,11,2.8,12.3,1.0
104,12,3.5,12.5,1.0
104,13,3.7,12.6,1.0
104,14,3.6,12.0,1.0
104,15,4.1,12.3,1.0
104,16,4.3,12.0,1.0
104,17,4.1,11.9,1.0
104,18,4.3,11.8,1.0
104,19,3.8,11.8,1.0
104,20,4.3,12.3,1.0
105,1,3.2,12.7,1.0
105,2,3.2,12.5,1.0
105,3,3.5,12.3,1.0
105,4,3.7,11.8,1.0
105,5,3.3,12.3,1.0
105,6,3.8,12.7,1.0
105,7,3.2,12.1,1.0
105,8,3.8,11.6,1.0
105,9,3.6,11.6,1.0
105,10,3.0,12.0,1.0
105,11,3.7,12.4,1.0
105,12,3.1,12.3,1.0
105,13,3.5,12.6,1.0
105,14,3.7,12.2,1.0
105,15,3.5,11.9,1.0
105,16,4.1,12.1,1.0
105,17,4.1,11.9,1.0
105,18,4.3,12.0,1.0
105,19,4.3,12.2,1.0
105,20,4.3,11.8,1.0
106,1,3.6,12.6,1.0
106,2,3.6,12.1,1.0
106,3,3.1,12.3,1.0
106,4,3.6,12.3,1.0
106,5,3.3,12.3,1.0
106,6,4.1,12.2,1.0
106,7,3.3,11.8,1.0
106,8,3.2,12.6,1.0
106,9,3.0,12.6,1.0
106,10,3.0,11.9,1.0
106,11,3.3,12.0,1.0
106,12,3.4,12.5,1.0
106,13,3.1,12.1,1.0
106,14,3.4,12.8,1.0
106,15,3.8,12.6,1.0
106,16,4.1,12.4,1.0
106,17,4.1,12.0,1.0
106,18,4.3,12.0,1.0
106,19,4.3,12.2,1.0
106,20,4.1,11.8,1.0
107,1,3.4,12.1,1.0
107,2,3.3,12.6,1.0
107,3,3.8,12.3,1.0
107,4,3.3,12.8,1.0
107,5,3.3,11.8,1.0
107,6,3.6,12.4,1.0
107,7,3.6,11.9,1.0
107,8,3.6,12.1,1.0
107,9,3.8,12.1,1.0
107,10,3.4,12.3,1.0
107,11,4.1,12.1,1.0
107,12,3.6,12.6,1.0
107,13,3.2,12.4,1.0
107,14,3.1,12.2,1.0
107,15,3.8,12.6,1.0
107,16,4.1,12.4,1.0
107,17,4.1,11.9,1.0
107,18,4.3,11.9,1.0
107,19,4.4,12.1,1.0
107,20,4.4,12.3,1.0
108,1,3.8,11.8,1.0
108,2,3.4,12.6,1.0
108,3,3.1,12.2,1.0
108,4,3.3,12.3,1.0
108,5,3.3,12.1,1.0
108,6,3.2,12.6,1.0
108,7,3.1,11.9,1.0
108,8,3.6,12.0,1.0
108,9,3.0,12.5,1.0
108,10,3.4,12.8,1.0
108,11,3.7,12.4,1.0
108,12,3.6,12.2,1.0
108,13,3.7,12.7,1.0
108,14,3.1,12.8,1.0
108,15,3.8,12.2,1.0
108,16,4.1,12.3,1.0
108,17,3.8,12.0,1.0
108,18,4.1,12.1,1.0
108,19,4.1,11.9,1.0
108,20,4.3,12.0,1.0
109,1,3.2,11.9,1.0
109,2,3.5,12.6,1.0
109,3,3.6,11.9,1.0
109,4,3.7,12.2,1.0
109,5,3.5,12.2,1.0
109,6,3.3,12.2,1.0
109,7,3.6,12.8,1.0
109,8,3.2,12.5,1.0
109,9,3.8,11.9,1.0
109,10,3.4,12.4,1.0
109,11,3.0,12.1,1.0
109,12,3.8,12.5,1.0
109,13,3.4,12.0,1.0
109,14,3.2,12.7,1.0
109,15,3.0,12.4,1.0
109,16,3.0,12.6,1.0
109,17,4.1,12.2,1.0
109,18,4.1,12.0,1.0
109,19,4.1,12.4,1.0
109,20,4.3,12.0,1.0
110,1,3.5,11.9,1.0
110,2,3.3,12.1,1.0
110,3,3.6,12.1,1.0
110,4,3.7,12.4,1.0
110,5,3.4,12.5,1.0
110,6,3.3,11.9,1.0
110,7,3.1,12.7,1.0
110,8,3.4,12.3,1.0
110,9,3.2,12.5,1.0
110,10,3.8,12.2,1.0
110,11,3.0,12.2,1.0
110,12,3.8,12.0,1.0
110,13,3.6,12.7,1.0
110,14,3.0,12.0,1.0
110,15,3.8,12.7,1.0
110,16,3.5,12.9,1.0
110,17,4.1,12.3,1.0
110,18,4.1,12.1,1.0
110,19,4.1,11.9,1.0
110,20,4.3,12.0,1.0
111,1,3.5,12.4,1.0
111,2,3.7,11.9,1.0
111,3,3.4,11.9,1.0
111,4,3.2,12.5,1.0
111,5,3.2,12.1,1.0
111,6,3.5,12.6,1.0
111,7,3.6,12.2,1.0
111,8,3.7,12.4,1.0
111,9,3.2,12.3,1.0
111,10,3.4,12.2,1.0
111,11,2.9,12.4,1.0
111,12,3.0,12.2,1.0
111,13,3.7,12.6,1.0
111,14,3.1,11.9,1.0
111,15,3.4,12.8,1.0
111,16,3.6,12.8,1.0
111,17,3.8,12.8,1.0
111,18,4.1,12.2,1.0
111,19,4.1,12.0,1.0
111,20,4.1,12.4,1.0
112,1,3.7,11.9,1.0
112,2,3.3,12.0,1.0
112,3,3.2,12.3,1.0
112,4,3.4,12.3,1.0
112,5,3.1,12.1,1.0
112,6,3.6,12.1,1.0
112,7,3.6,12.6,1.0
112,8,3.1,11.9,1.0
112,9,3.5,11.8,1.0
112,10,3.4,12.6,1.0
112,11,3.7,12.3,1.0
112,12,3.0,12.3,1.0
112,13,3.2,12.6,1.0
112,14,3.5,12.8,1.0
112,15,3.8,12.1,1.0
112,16,3.3,12.8,1.0
112,17,3.8,12.8,1.0
112,18,4.1,12.3,1.0
112,19,4.1,12.1,1.0
112,20,4.1,11.9,1.0
113,1,3.3,12.4,1.0
113,2,3.5,12.3,1.0
113,3,3.8,12.2,1.0
113,4,3.3,12.6,1.0
113,5,3.2,12.2,1.0
113,6,3.6,12.1,1.0
113,7,3.6,11.9,1.0
113,8,3.4,12.0,1.0
113,9,3.1,12.4,1.0
113,10,3.6,12.5,1.0
113,11,3.1,11.9,1.0
113,12,3.0,12.2,1.0
113,13,3.1,12.6,1.0
113,14,3.6,12.7,1.0
113,15,3.8,12.5,1.0
113,16,3.1,12.8,1.0
113,17,3.4,11.8,1.0
113,18,4.1,12.3,1.0
113,19,4.1,12.1,1.0
113,20,4.1,11.9,1.0
114,1,3.5,12.3,1.0
114,2,3.7,12.3,1.0
114,3,3.5,12.5,1.0
114,4,3.2,12.3,1.0
114,5,3.4,12.1,1.0
114,6,3.3,12.6,1.0
114,7,3.6,12.1,1.0
114,8,3.7,12.5,1.0
114,9,3.2,12.1,1.0
114,10,3.7,12.7,1.0
114,11,3.4,12.8,1.0
114,12,3.3,11.9,1.0
114,13,3.1,12.6,1.0
114,14,3.5,11.9,1.0
114,15,3.8,11.9,1.0
114,16,3.2,12.8,1.0
114,17,3.1,11.9,1.0
114,18,3.0,12.3,1.0
114,19,4.1,12.3,1.0
114,20,4.1,12.1,1.0
115,1,3.6,12.1,1.0
115,2,3.3,12.1,1.0
115,3,3.2,12.3,1.0
115,4,3.5,12.3,1.0
115,5,3.8,12.2,1.0
115,6,3.8,12.4,1.0
115,7,3.4,12.6,1.0
115,8,3.5,11.9,1.0
115,9,3.7,11.9,1.0
115,10,3.3,11.9,1.0
115,11,3.1,12.6,1.0
115,12,3.1,12.1,1.0
115,13,3.1,11.9,1.0
115,14,2.9,12.3,1.0
115,15,3.8,12.6,1.0
115,16,3.5,12.8,1.0
115,17,3.7,12.8,1.0
115,18,3.3,12.9,1.0
115,19,4.1,12.3,1.0
115,20,4.1,12.1,1.0
116,1,3.6,12.1,1.0
116,2,3.3,12.4,1.0
116,3,3.6,12.3,1.0
116,4,3.3,12.0,1.0
116,5,3.5,12.6,1.0
116,6,3.1,12.1,1.0
116,7,3.6,11.9,1.0
116,8,3.3,12.6,1.0
116,9,3.1,12.4,1.0
116,10,3.1,12.6,1.0
116,11,3.7,12.6,1.0
116,12,3.1,11.9,1.0
116,13,3.3,11.8,1.0
116,14,3.5,11.7,1.0
116,15,3.8,12.3,1.0
116,16,3.5,12.8,1.0
116,17,3.8,12.1,1.0
116,18,3.3,12.8,1.0
116,19,3.1,12.8,1.0
116,20,4.1,12.3,1.0
117,1,3.4,12.4,1.0
117,2,3.4,12.6,1.0
117,3,3.6,12.3,1.0
117,4,3.3,12.1,1.0
117,5,3.2,12.4,1.0
117,6,3.6,12.1,1.0
117,7,3.5,11.9,1.0
117,8,3.7,12.6,1.0
117,9,3.8,12.2,1.0
117,10,3.3,11.9,1.0
117,11,3.1,12.6,1.0
117,12,3.1,12.2,1.0
117,13,3.1,12.0,1.0
117,14,3.0,11.8,1.0
117,15,3.8,12.4,1.0
117,16,3.4,12.8,1.0
117,17,3.6,12.8,1.0
117,18,3.8,12.8,1.0
117,19,3.0,12.4,1.0
117,20,4.1,12.3,1.0
118,1,3.2,12.1,1.0
118,2,3.4,12.3,1.0
118,3,3.4,12.0,1.0
118,4,3.1,12.3,1.0
118,5,3.0,12.1,1.0
118,6,3.4,12.5,1.0
118,7,3.6,12.1,1.0
118,8,3.2,11.9,1.0
118,9,3.6,11.9,1.0
118,10,3.7,12.3,1.0
118,11,3.6,12.5,1.0
118,12,3.2,12.6,1.0
118,13,3.8,11.9,1.0
118,14,3.4,11.7,1.0
118,15,3.0,11.9,1.0
118,16,3.4,12.7,1.0
118,17,3.0,12.6,1.0
118,18,3.6,12.8,1.0
118,19,3.8,12.8,1.0
118,20,3.2,12.8,1.0
119,1,3.5,12.3,1.0
119,2,3.3,12.1,1.0
119,3,3.3,12.3,1.0
119,4,3.6,12.0,1.0
119,5,3.7,12.3,1.0
119,6,3.5,12.5,1.0
119,7,3.2,11.9,1.0
119,8,3.1,12.1,1.0
119,9,3.3,12.6,1.0
119,10,3.1,12.3,1.0
119,11,3.7,12.5,1.0
119,12,3.6,11.8,1.0
119,13,3.1,12.5,1.0
119,14,3.0,12.7,1.0
119,15,3.0,11.9,1.0
119,16,3.5,12.7,1.0
119,17,3.3,12.8,1.0
119,18,3.7,12.8,1.0
119,19,3.8,11.8,1.0
119,20,3.1,12.9,1.0
120,1,3.3,12.2,1.0
120,2,3.5,12.1,1.0
120,3,3.1,12.1,1.0
120,4,3.4,12.4,1.0
120,5,3.3,12.0,1.0
120,6,3.2,12.4,1.0
120,7,3.5,11.9,1.0
120,8,3.7,12.3,1.0
120,9,3.0,12.4,1.0
120,10,3.7,12.5,1.0
120,11,3.1,12.6,1.0
120,12,3.3,11.8,1.0
120,13,3.1,11.9,1.0
120,14,3.4,12.7,1.0
120,15,3.8,12.1,1.0
120,16,3.7,12.7,1.0
120,17,2.9,12.2,1.0
120,18,2.9,12.6,1.0
120,19,3.5,12.9,1.0
120,20,3.3,12.9,1.0
121,1,3.3,12.2,1.0
121,2,3.2,12.0,1.0
121,3,3.5,12.1,1.0
121,4,3.0,12.2,1.0
121,5,3.3,12.4,1.0
121,6,3.5,12.4,1.0
121,7,3.3,12.6,1.0
121,8,3.1,12.5,1.0
121,9,3.7,12.2,1.0
121,10,3.7,12.4,1.0
121,11,3.5,11.8,1.0
121,12,3.7,12.6,1.0
121,13,3.3,11.8,1.0
121,14,3.0,11.8,1.0
121,15,3.8,12.0,1.0
121,16,3.1,12.7,1.0
121,17,3.0,12.0,1.0
121,18,3.4,12.8,1.0
121,19,3.6,12.8,1.0
121,20,3.8,12.8,1.0
122,1,3.4,12.1,1.0
122,2,3.2,12.3,1.0
122,3,3.5,12.3,1.0
122,4,3.1,12.0,1.0
122,5,3.3,12.5,1.0
122,6,3.6,12.1,1.0
122,7,3.4,11.9,1.0
122,8,3.1,12.5,1.0
122,9,3.2,11.8,1.0
122,10,3.0,12.3,1.0
122,11,3.5,12.6,1.0
122,12,3.7,12.3,1.0
122,13,3.8,12.1,1.0
122,14,3.2,12.7,1.0
122,15,3.8,12.5,1.0
122,16,3.8,11.8,1.0
122,17,3.0,11.8,1.0
122,18,3.8,12.7,1.0
122,19,3.0,12.7,1.0
122,20,3.5,12.9,1.0
123,1,3.2,12.2,1.0
123,2,3.3,12.4,1.0
123,3,3.4,12.1,1.0
123,4,3.6,12.2,1.0
123,5,3.1,12.4,1.0
123,6,3.6,12.5,1.0
123,7,3.2,12.6,1.0
123,8,3.2,12.0,1.0
123,9,3.6,12.0,1.0
123,10,3.4,11.9,1.0
123,11,3.6,12.7,1.0
123,12,3.0,12.2,1.0
123,13,3.0,12.0,1.0
123,14,3.6,11.8,1.0
123,15,3.8,12.0,1.0
123,16,3.0,12.6,1.0
123,17,3.8,12.5,1.0
123,18,3.4,12.8,1.0
123,19,3.2,12.8,1.0
123,20,3.2,11.8,1.0
124,1,3.4,12.3,1.0
124,2,3.4,12.1,1.0
124,3,3.6,12.3,1.0
124,4,3.1,12.2,1.0
124,5,3.2,12.0,1.0
124,6,3.4,11.9,1.0
124,7,3.2,12.5,1.0
124,8,3.7,12.1,1.0
124,9,3.0,12.0,1.0
124,10,3.6,11.9,1.0
124,11,3.1,11.7,1.0
124,12,3.0,12.5,1.0
124,13,3.6,12.6,1.0
124,14,3.3,12.7,1.0
124,15,3.8,12.3,1.0
124,16,3.8,12.5,1.0
124,17,3.8,11.9,1.0
124,18,3.1,12.7,1.0
124,19,3.6,12.8,1.0
124,20,3.8,12.8,1.0
125,1,3.3,12.2,1.0
125,2,3.3,12.4,1.0
125,3,3.5,12.1,1.0
125,4,3.6,12.4,1.0
125,5,3.3,12.0,1.0
125,6,3.1,12.2,1.0
125,7,3.2,12.6,1.0
125,8,3.7,12.2,1.0
125,9,3.1,12.4,1.0
125,10,3.1,12.0,1.0
125,11,3.7,11.9,1.0
125,12,3.5,11.9,1.0
125,13,3.0,12.6,1.0
125,14,3.2,11.8,1.0
125,15,3.0,11.8,1.0
125,16,3.6,12.7,1.0
125,17,3.8,12.7,1.0
125,18,3.5,11.7,1.0
125,19,3.4,12.8,1.0
125,20,3.2,12.8,1.0
126,1,3.3,12.2,1.0
126,2,3.3,12.4,1.0
126,3,3.5,12.1,1.0
126,4,3.3,12.6,1.0
126,5,3.3,12.0,1.0
126,6,3.5,11.9,1.0
126,7,3.6,12.4,1.0
126,8,3.7,12.1,1.0
126,9,3.7,11.9,1.0
126,10,3.1,12.2,1.0
126,11,3.0,12.4,1.0
126,12,3.1,12.0,1.0
126,13,3.6,12.6,1.0
126,14,3.2,11.8,1.0
126,15,3.0,11.8,1.0
126,16,3.8,12.6,1.0
126,17,3.1,12.7,1.0
126,18,3.5,11.7,1.0
126,19,3.7,11.7,1.0
126,20,3.6,12.8,1.0
127,1,3.3,12.2,1.0
127,2,3.3,12.4,1.0
127,3,3.5,12.1,1.0
127,4,3.6,12.4,1.0
127,5,3.3,12.0,1.0
127,6,3.1,12.2,1.0
127,7,3.2,12.6,1.0
127,8,3.7,12.2,1.0
127,9,3.1,12.4,1.0
127,10,3.1,12.0,1.0
127,11,3.7,11.9,1.0
127,12,3.5,11.9,1.0
127,13,3.3,11.8,1.0
127,14,3.0,11.8,1.0
127,15,3.0,12.6,1.0
127,16,3.6,12.7,1.0
127,17,3.8,12.7,1.0
127,18,3.5,11.7,1.0
127,19,3.7,11.7,1.0
127,20,3.4,12.8,1.0
128,1,3.3,12.2,1.0
128,2,3.5,12.2,1.0
128,3,3.3,12.4,1.0
128,4,3.5,12.4,1.0
128,5,3.3,12.0,1.0
128,6,3.5,12.0,1.0
128,7,3.3,12.7,1.0
128,8,3.7,12.0,1.0
128,9,3.1,12.2,1.0
128,10,3.1,12.4,1.0
128,11,3.0,11.9,1.0
128,12,3.1,12.6,1.0
128,13,3.8,12.2,1.0
128,14,3.4,11.8,1.0
128,15,3.7,11.8,1.0
128,16,2.9,12.2,1.0
128,17,3.8,12.4,1.0
128,18,3.8,12.6,1.0
128,19,3.2,11.7,1.0
128,20,3.0,11.7,1.0
129,1,3.3,12.2,1.0
129,2,3.3,12.4,1.0
129,3,3.5,12.1,1.0
129,4,3.6,12.4,1.0
129,5,3.3,12.0,1.0
129,6,3.1,12.2,1.0
129,7,3.5,11.9,1.0
129,8,3.1,12.4,1.0
129,9,3.1,12.0,1.0
129,10,3.3,12.6,1.0
129,11,3.7,12.1,1.0
129,12,3.1,12.6,1.0
129,13,3.3,11.8,1.0
129,14,3.0,11.8,1.0
129,15,2.9,12.2,1.0
129,16,2.9,12.4,1.0
129,17,3.5,12.7,1.0
129,18,3.7,12.7,1.0
129,19,3.5,11.7,1.0
129,20,3.7,11.7,1.0
130,1,3.3,12.2,1.0
130,2,3.3,12.4,1.0
130,3,3.5,12.1,1.0
130,4,3.6,12.4,1.0
130,5,3.3,12.0,1.0
130,6,3.1,12.2,1.0
130,7,3.5,11.9,1.0
130,8,3.1,12.4,1.0
130,9,3.1,12.0,1.0
130,10,3.3,12.6,1.0
130,11,3.0,12.6,1.0
130,12,3.7,12.2,1.0
130,13,3.3,11.8,1.0
130,14,3.0,11.8,1.0
130,15,2.9,12.2,1.0
130,16,3.5,12.7,1.0
130,17,2.9,12.4,1.0
130,18,3.7,12.7,1.0
130,19,3.5,11.7,1.0
130,20,3.7,11.7,1.0
131,1,3.3,12.2,1.0
131,2,3.3,12.4,1.0
131,3,3.5,12.1,1.0
131,4,3.6,12.4,1.0
131,5,3.3,12.0,1.0
131,6,3.1,12.2,1.0
131,7,3.5,11.9,1.0
131,8,3.1,12.4,1.0
131,9,3.1,12.0,1.0
131,10,3.3,12.6,1.0
131,11,3.0,12.6,1.0
131,12,3.7,12.2,1.0
131,13,3.3,11.8,1.0
131,14,3.0,11.8,1.0
131,15,2.9,12.2,1.0
131,16,3.5,12.7,1.0
131,17,2.9,12.4,1.0
131,18,3.7,12.7,1.0
131,19,3.5,11.7,1.0
131,20,3.7,11.7,1.0
132,1,3.2,12.2,1.0
132,2,3.2,12.4,1.0
132,3,3.4,12.1,1.0
132,4,3.5,12.4,1.0
132,5,3.2,12.0,1.0
132,6,3.3,12.6,1.0
132,7,3.6,12.2,1.0
132,8,3.0,12.2,1.0
132,9,3.0,12.4,1.0
132,10,3.6,12.0,1.0
132,11,3.0,12.6,1.0
132,12,3.4,11.9,1.0
132,13,3.0,12.0,1.0
132,14,3.1,11.8,1.0
132,15,3.6,11.8,1.0
132,16,3.5,12.7,1.0
132,17,3.7,12.7,1.0
132,18,3.8,12.4,1.0
132,19,3.8,12.0,1.0
132,20,3.8,11.8,1.0
133,1,3.2,12.2,1.0
133,2,3.4,12.2,1.0
133,3,3.2,12.4,1.0
133,4,3.4,12.4,1.0
133,5,3.3,12.0,1.0
133,6,3.5,12.0,1.0
133,7,2.9,12.0,1.0
133,8,3.0,12.2,1.0
133,9,3.0,12.4,1.0
133,10,3.0,12.6,1.0
133,11,3.7,12.2,1.0
133,12,3.7,12.0,1.0
133,13,3.7,12.5,1.0
133,14,3.3,11.8,1.0
133,15,3.1,11.8,1.0
133,16,3.3,12.7,1.0
133,17,3.6,11.8,1.0
133,18,3.5,12.7,1.0
133,19,3.8,11.8,1.0
133,20,3.7,12.7,1.0
134,1,3.2,12.2,1.0
134,2,3.2,12.4,1.0
134,3,3.4,12.1,1.0
134,4,3.5,12.4,1.0
134,5,3.2,12.0,1.0
134,6,3.6,12.2,1.0
134,7,3.4,11.9,1.0
134,8,3.0,12.2,1.0
134,9,3.0,12.4,1.0
134,10,3.0,12.0,1.0
134,11,3.2,12.6,1.0
134,12,3.0,12.6,1.0
134,13,3.2,11.8,1.0
134,14,3.5,12.7,1.0
134,15,3.0,11.8,1.0
134,16,3.8,12.2,1.0
134,17,3.8,12.0,1.0
134,18,3.8,12.5,1.0
134,19,3.8,11.8,1.0
134,20,3.8,12.7,1.0
135,1,3.3,12.2,1.0
135,2,3.3,12.4,1.0
135,3,3.1,12.2,1.0
135,4,3.5,12.1,1.0
135,5,3.3,12.0,1.0
135,6,3.1,12.0,1.0
135,7,3.5,11.9,1.0
135,8,3.1,12.5,1.0
135,9,3.6,12.4,1.0
135,10,3.3,12.6,1.0
135,11,3.5,12.6,1.0
135,12,3.3,11.8,1.0
135,13,3.1,11.8,1.0
135,14,3.0,12.7,1.0
135,15,2.9,12.2,1.0
135,16,2.9,12.4,1.0
135,17,2.9,12.0,1.0
135,18,3.8,12.2,1.0
135,19,3.8,12.4,1.0
135,20,3.8,12.6,1.0
136,1,3.2,12.2,1.0
136,2,3.4,12.2,1.0
136,3,3.3,12.4,1.0
136,4,3.0,12.4,1.0
136,5,3.5,12.4,1.0
136,6,3.2,12.0,1.0
136,7,3.4,12.0,1.0
136,8,3.0,12.2,1.0
136,9,3.0,12.0,1.0
136,10,3.5,12.6,1.0
136,11,3.7,12.2,1.0
136,12,3.2,11.8,1.0
136,13,3.7,12.5,1.0
136,14,3.4,11.8,1.0
136,15,3.0,11.8,1.0
136,16,3.3,12.7,1.0
136,17,3.7,11.8,1.0
136,18,3.1,12.7,1.0
136,19,3.7,12.7,1.0
136,20,3.8,12.0,1.0
137,1,3.2,12.2,1.0
137,2,3.4,12.2,1.0
137,3,3.2,12.4,1.0
137,4,3.4,12.4,1.0
137,5,3.3,12.0,1.0
137,6,3.5,12.0,1.0
137,7,3.3,11.8,1.0
137,8,3.1,12.0,1.0
137,9,3.0,12.2,1.0
137,10,3.0,12.4,1.0
137,11,3.7,12.2,1.0
137,12,3.0,12.6,1.0
137,13,3.7,12.0,1.0
137,14,3.7,12.5,1.0
137,15,3.1,11.8,1.0
137,16,3.3,12.7,1.0
137,17,3.7,11.8,1.0
137,18,2.9,12.0,1.0
137,19,3.5,12.7,1.0
137,20,3.7,12.7,1.0
138,1,3.3,12.2,1.0
138,2,3.2,12.4,1.0
138,3,3.1,12.1,1.0
138,4,3.5,12.2,1.0
138,5,3.3,12.0,1.0
138,6,3.5,12.0,1.0
138,7,3.5,12.5,1.0
138,8,3.0,12.4,1.0
138,9,3.1,11.9,1.0
138,10,2.9,12.2,1.0
138,11,3.2,12.6,1.0
138,12,3.0,12.6,1.0
138,13,3.7,12.0,1.0
138,14,3.3,11.8,1.0
138,15,3.6,11.8,1.0
138,16,3.5,12.7,1.0
138,17,2.9,12.0,1.0
138,18,3.7,12.7,1.0
138,19,3.8,12.2,1.0
138,20,3.8,11.8,1.0
139,1,3.2,12.2,1.0
139,2,3.4,12.2,1.0
139,3,3.3,12.4,1.0
139,4,3.5,12.4,1.0
139,5,3.3,12.0,1.0
139,6,3.1,12.4,1.0
139,7,3.5,12.0,1.0
139,8,3.1,12.0,1.0
139,9,3.0,12.2,1.0
139,10,2.9,12.4,1.0
139,11,3.0,12.6,1.0
139,12,3.7,12.2,1.0
139,13,3.3,11.8,1.0
139,14,3.5,11.8,1.0
139,15,3.1,11.8,1.0
139,16,3.3,12.7,1.0
139,17,2.9,12.0,1.0
139,18,3.5,12.7,1.0
139,19,3.7,12.7,1.0
139,20,3.8,12.4,1.0
140,1,3.2,12.2,1.0
140,2,3.2,12.4,1.0
140,3,3.4,12.1,1.0
140,4,3.5,12.4,1.0
140,5,3.2,12.0,1.0
140,6,3.0,12.2,1.0
140,7,3.4,11.9,1.0
140,8,3.6,12.2,1.0
140,9,3.0,12.4,1.0
140,10,3.0,12.0,1.0
140,11,3.2,12.6,1.0
140,12,3.0,12.6,1.0
140,13,3.2,11.8,1.0
140,14,3.5,12.7,1.0
140,15,3.0,11.8,1.0
140,16,3.8,12.2,1.0
140,17,3.8,12.0,1.0
140,18,3.8,12.5,1.0
140,19,3.8,11.8,1.0
140,20,3.8,12.7,1.0
141,1,3.3,12.2,1.0
141,2,3.2,12.4,1.0
141,3,3.5,12.2,1.0
141,4,3.0,12.1,1.0
141,5,3.3,12.0,1.0
141,6,3.5,12.0,1.0
141,7,3.5,12.5,1.0
141,8,3.0,12.4,1.0
141,9,3.1,11.9,1.0
141,10,3.3,12.6,1.0
141,11,3.0,12.6,1.0
141,12,3.3,11.8,1.0
141,13,3.7,12.2,1.0
141,14,3.7,12.0,1.0
141,15,3.5,11.8,1.0
141,16,3.5,12.7,1.0
141,17,3.7,11.8,1.0
141,18,3.7,12.7,1.0
141,19,3.1,11.7,1.0
141,20,2.8,12.2,1.0
142,1,3.3,12.2,1.0
142,2,3.2,12.4,1.0
142,3,3.5,12.2,1.0
142,4,3.0,12.1,1.0
142,5,3.3,12.0,1.0
142,6,3.5,12.0,1.0
142,7,3.5,12.5,1.0
142,8,3.0,12.4,1.0
142,9,3.1,11.9,1.0
142,10,3.3,12.6,1.0
142,11,3.0,12.6,1.0
142,12,3.3,11.8,1.0
142,13,3.7,12.2,1.0
142,14,3.7,12.0,1.0
142,15,3.5,11.8,1.0
142,16,3.5,12.7,1.0
142,17,3.7,11.8,1.0
142,18,3.7,12.7,1.0
142,19,3.1,11.7,1.0
142,20,2.8,12.2,1.0
143,1,3.3,12.2,1.0
143,2,3.3,12.4,1.0
143,3,3.5,12.1,1.0
143,4,3.6,12.4,1.0
143,5,3.3,12.0,1.0
143,6,3.1,12.2,1.0
143,7,3.5,11.9,1.0
143,8,3.1,12.4,1.0
143,9,3.1,12.0,1.0
143,10,3.3,12.6,1.0
143,11,3.0,12.6,1.0
143,12,2.9,12.2,1.0
143,13,2.9,12.4,1.0
143,14,3.7,12.2,1.0
143,15,3.3,11.8,1.0
143,16,3.5,12.7,1.0
143,17,3.1,11.8,1.0
143,18,2.9,12.0,1.0
143,19,3.7,12.7,1.0
143,20,3.5,11.7,1.0
144,1,3.3,12.2,1.0
144,2,3.3,12.4,1.0
144,3,3.5,12.1,1.0
144,4,3.6,12.4,1.0
144,5,3.1,12.2,1.0
144,6,3.1,12.4,1.0
144,7,3.1,12.0,1.0
144,8,3.5,11.9,1.0
144,9,3.3,12.6,1.0
144,10,2.9,12.2,1.0
144,11,3.0,12.6,1.0
144,12,2.9,12.4,1.0
144,13,2.9,12.0,1.0
144,14,3.7,12.2,1.0
144,15,3.7,12.0,1.0
144,16,3.5,12.7,1.0
144,17,3.3,11.8,1.0
144,18,3.1,11.8,1.0
144,19,3.7,11.8,1.0
144,20,3.7,12.7,1.0
145,1,3.2,12.2,1.0
145,2,3.4,12.2,1.0
145,3,3.3,12.4,1.0
145,4,3.0,12.4,1.0
145,5,3.2,12.0,1.0
145,6,3.5,12.4,1.0
145,7,3.4,12.0,1.0
145,8,3.0,12.2,1.0
145,9,3.0,12.0,1.0
145,10,3.5,12.6,1.0
145,11,3.2,12.7,1.0
145,12,3.2,11.8,1.0
145,13,3.4,11.8,1.0
145,14,3.6,11.8,1.0
145,15,3.7,12.2,1.0
145,16,3.7,12.4,1.0
145,17,3.0,11.8,1.0
145,18,3.0,12.7,1.0
145,19,3.7,12.7,1.0
145,20,3.8,12.0,1.0
146,1,3.3,12.2,1.0
146,2,3.2,12.4,1.0
146,3,3.5,12.2,1.0
146,4,3.5,12.5,1.0
146,5,3.3,12.0,1.0
146,6,3.1,12.2,1.0
146,7,3.5,12.0,1.0
146,8,3.1,12.0,1.0
146,9,3.0,12.4,1.0
146,10,3.3,12.6,1.0
146,11,3.0,12.6,1.0
146,12,2.9,12.2,1.0
146,13,2.9,12.0,1.0
146,14,3.2,11.8,1.0
146,15,3.7,12.2,1.0
146,16,3.8,12.4,1.0
146,17,3.5,11.8,1.0
146,18,3.0,11.8,1.0
146,19,3.7,11.8,1.0
146,20,3.8,12.7,1.0
147,1,3.3,12.2,1.0
147,2,3.2,12.4,1.0
147,3,3.1,12.1,1.0
147,4,3.5,12.2,1.0
147,5,3.3,12.0,1.0
147,6,3.5,12.0,1.0
147,7,3.5,12.5,1.0
147,8,3.1,11.9,1.0
147,9,3.0,12.4,1.0
147,10,3.3,12.6,1.0
147,11,3.0,12.6,1.0
147,12,3.7,12.0,1.0
147,13,2.9,12.2,1.0
147,14,3.3,11.8,1.0
147,15,3.6,11.8,1.0
147,16,3.5,12.7,1.0
147,17,2.9,12.0,1.0
147,18,3.7,12.7,1.0
147,19,3.8,12.2,1.0
147,20,3.8,11.8,1.0
148,1,3.3,12.2,1.0
148,2,3.2,12.4,1.0
148,3,3.5,12.2,1.0
148,4,3.0,12.1,1.0
148,5,3.3,12.0,1.0
148,6,3.5,12.0,1.0
148,7,3.5,12.5,1.0
148,8,3.1,11.9,1.0
148,9,3.0,12.4,1.0
148,10,3.3,12.6,1.0
148,11,3.0,12.6,1.0
148,12,3.7,12.2,1.0
148,13,3.3,11.8,1.0
148,14,3.5,11.8,1.0
148,15,2.8,12.2,1.0
148,16,3.5,12.7,1.0
148,17,3.7,12.0,1.0
148,18,3.7,12.7,1.0
148,19,3.8,11.8,1.0
148,20,3.1,11.7,1.0
149,1,3.3,12.2,1.0
149,2,3.2,12.4,1.0
149,3,3.1,12.1,1.0
149,4,3.5,12.2,1.0
149,5,3.3,12.0,1.0
149,6,3.5,12.0,1.0
149,7,3.5,12.5,1.0
149,8,3.1,11.9,1.0
149,9,3.0,12.4,1.0
149,10,3.3,12.6,1.0
149,11,3.0,12.6,1.0
149,12,3.7,12.0,1.0
149,13,3.3,11.8,1.0
149,14,3.5,11.8,1.0
149,15,2.9,12.2,1.0
149,16,3.5,12.7,1.0
149,17,2.9,12.0,1.0
149,18,3.7,12.7,1.0
149,19,3.8,12.2,1.0
149,20,3.8,11.8,1.0
150,1,3.3,12.2,1.0
150,2,3.3,12.4,1.0
150,3,3.5,12.1,1.0
150,4,3.6,12.4,1.0
150,5,3.3,12.0,1.0
150,6,3.1,12.2,1.0
150,7,3.5,11.9,1.0
150,8,3.1,12.4,1.0
150,9,3.1,12.0,1.0
150,10,3.3,12.6,1.0
150,11,3.0,12.6,1.0
150,12,3.7,12.2,1.0
150,13,3.3,11.8,1.0
150,14,3.0,11.8,1.0
150,15,2.9,12.2,1.0
150,16,2.8,12.4,1.0
150,17,2.9,12.0,1.0
150,18,3.5,12.7,1.0
150,19,3.7,12.7,1.0
150,20,3.5,11.7,1.0
151,1,3.3,12.2,1.0
151,2,3.3,12.4,1.0
151,3,3.5,12.1,1.0
151,4,3.6,12.4,1.0
151,5,3.3,12.0,1.0
151,6,3.1,12.2,1.0
151,7,3.5,11.9,1.0
151,8,3.1,12.4,1.0
151,9,3.1,12.0,1.0
151,10,3.3,12.6,1.0
151,11,3.0,12.6,1.0
151,12,3.7,12.2,1.0
151,13,3.3,11.8,1.0
151,14,3.0,11.8,1.0
151,15,2.9,12.2,1.0
151,16,2.8,12.4,1.0
151,17,2.9,12.0,1.0
151,18,3.5,12.7,1.0
151,19,3.7,12.7,1.0
151,20,3.5,11.7,1.0
152,1,3.3,12.2,1.0
152,2,3.3,12.4,1.0
152,3,3.5,12.1,1.0
152,4,3.6,12.4,1.0
152,5,3.3,12.0,1.0
152,6,3.1,12.2,1.0
152,7,3.5,11.9,1.0
152,8,3.1,12.4,1.0
152,9,3.1,12.0,1.0
152,10,3.3,12.6,1.0
152,11,3.0,12.6,1.0
152,12,3.7,12.2,1.0
152,13,3.3,11.8,1.0
152,14,3.0,11.8,1.0
152,15,2.9,12.2,1.0
152,16,2.8,12.4,1.0
152,17,2.9,12.0,1.0
152,18,3.5,12.7,1.0
152,19,3.7,12.7,1.0
152,20,3.5,11.7,1.0
153,1,3.3,12.2,1.0
153,2,3.3,12.4,1.0
153,3,3.5,12.1,1.0
153,4,3.6,12.4,1.0
153,5,3.3,12.0,1.0
153,6,3.1,12.2,1.0
153,7,3.5,11.9,1.0
153,8,3.1,12.4,1.0
153,9,3.1,12.0,1.0
153,10,3.3,12.6,1.0
153,11,3.0,12.6,1.0
153,12,3.7,12.2,1.0
153,13,3.3,11.8,1.0
153,14,3.0,11.8,1.0
153,15,2.9,12.2,1.0
153,16,2.8,12.4,1.0
153,17,2.9,12.0,1.0
153,18,3.5,12.7,1.0
153,19,3.7,12.7,1.0
153,20,3.5,11.7,1.0
154,1,3.3,12.2,1.0
154,2,3.3,12.4,1.0
154,3,3.5,12.1,1.0
154,4,3.6,12.4,1.0
154,5,3.3,12.0,1.0
154,6,3.1,12.2,1.0
154,7,3.5,11.9,1.0
154,8,3.1,12.4,1.0
154,9,3.1,12.0,1.0
154,10,3.3,12.6,1.0
154,11,3.0,12.6,1.0
154,12,3.7,12.2,1.0
154,13,3.3,11.8,1.0
154,14,3.0,11.8,1.0
154,15,2.9,12.2,1.0
154,16,2.8,12.4,1.0
154,17,2.9,12.0,1.0
154,18,3.5,12.7,1.0
154,19,3.7,12.7,1.0
154,20,3.5,11.7,1.0
155,1,3.3,12.2,1.0
155,2,3.3,12.4,1.0
155,3,3.5,12.1,1.0
155,4,3.6,12.4,1.0
155,5,3.3,12.0,1.0
155,6,3.1,12.2,1.0
155,7,3.5,11.9,1.0
155,8,3.1,12.4,1.0
155,9,3.1,12.0,1.0
155,10,3.3,12.6,1.0
155,11,3.0,12.6,1.0
155,12,3.7,12.2,1.0
155,13,3.3,11.8,1.0
155,14,3.0,11.8,1.0
155,15,2.9,12.2,1.0
155,16,3.5,12.7,1.0
155,17,2.9,12.4,1.0
155,18,2.9,12.0,1.0
155,19,3.7,12.7,1.0
155,20,3.5,11.7,1.0
156,1,3.3,12.2,1.0
156,2,3.3,12.4,1.0
156,3,3.1,12.2,1.0
156,4,3.0,12.5,1.0
156,5,3.2,12.0,1.0
156,6,3.5,12.2,1.0
156,7,3.4,12.0,1.0
156,8,3.6,12.4,1.0
156,9,3.0,12.0,1.0
156,10,3.3,12.6,1.0
156,11,3.5,12.6,1.0
156,12,3.7,12.2,1.0
156,13,3.3,11.8,1.0
156,14,3.5,11.8,1.0
156,15,3.1,11.8,1.0
156,16,2.9,12.2,1.0
156,17,3.8,12.4,1.0
156,18,2.8,12.0,1.0
156,19,3.8,12.0,1.0
156,20,3.8,12.6,1.0
157,1,3.3,12.2,1.0
157,2,3.3,12.4,1.0
157,3,3.1,12.2,1.0
157,4,3.5,12.1,1.0
157,5,3.2,12.0,1.0
157,6,3.1,12.5,1.0
157,7,3.6,12.4,1.0
157,8,3.0,12.0,1.0
157,9,3.4,11.9,1.0
157,10,2.9,12.2,1.0
157,11,3.3,12.6,1.0
157,12,3.6,11.9,1.0
157,13,3.6,12.6,1.0
157,14,3.1,11.8,1.0
157,15,2.9,12.4,1.0
157,16,2.9,12.6,1.0
157,17,3.1,12.7,1.0
157,18,2.8,12.0,1.0
157,19,3.8,12.2,1.0
157,20,3.8,12.0,1.0
158,1,3.3,12.2,1.0
158,2,3.3,12.4,1.0
158,3,3.5,12.1,1.0
158,4,3.6,12.4,1.0
158,5,3.3,12.0,1.0
158,6,3.1,12.2,1.0
158,7,3.5,11.9,1.0
158,8,3.1,12.4,1.0
158,9,3.1,12.0,1.0
158,10,3.3,12.6,1.0
158,11,3.0,12.6,1.0
158,12,3.7,12.2,1.0
158,13,3.3,11.8,1.0
158,14,3.0,11.8,1.0
158,15,2.9,12.2,1.0
158,16,3.5,12.7,1.0
158,17,2.9,12.4,1.0
158,18,2.9,12.0,1.0
158,19,3.7,12.7,1.0
158,20,3.5,11.7,1.0
159,1,3.2,12.2,1.0
159,2,3.4,12.2,1.0
159,3,3.3,12.4,1.0
159,4,3.5,12.4,1.0
159,5,3.1,12.4,1.0
159,6,3.3,12.0,1.0
159,7,3.5,12.0,1.0
159,8,3.1,12.0,1.0
159,9,3.0,12.2,1.0
159,10,3.1,12.6,1.0
159,11,2.8,12.4,1.0
159,12,3.7,12.2,1.0
159,13,3.3,11.8,1.0
159,14,3.5,11.8,1.0
159,15,3.1,11.8,1.0
159,16,3.3,12.7,1.0
159,17,2.9,12.0,1.0
159,18,3.5,12.7,1.0
159,19,3.7,12.7,1.0
159,20,2.9,12.7,1.0
160,1,3.3,12.2,1.0
160,2,3.3,12.4,1.0
160,3,3.5,12.1,1.0
160,4,3.0,12.2,1.0
160,5,3.2,12.0,1.0
160,6,3.1,12.5,1.0
160,7,3.4,11.9,1.0
160,8,3.6,12.4,1.0
160,9,3.0,12.0,1.0
160,10,3.3,12.6,1.0
160,11,3.5,12.6,1.0
160,12,3.7,12.2,1.0
160,13,3.2,11.8,1.0
160,14,3.0,12.7,1.0
160,15,3.0,11.8,1.0
160,16,3.8,12.4,1.0
160,17,2.9,12.5,1.0
160,18,3.8,12.0,1.0
160,19,3.8,11.8,1.0
160,20,3.8,12.7,1.0
161,1,3.2,12.2,1.0
161,2,3.4,12.2,1.0
161,3,3.3,12.4,1.0
161,4,3.5,12.4,1.0
161,5,3.3,12.0,1.0
161,6,3.5,12.0,1.0
161,7,2.9,12.4,1.0
161,8,3.1,12.0,1.0
161,9,3.0,12.2,1.0
161,10,3.1,12.6,1.0
161,11,2.8,12.6,1.0
161,12,3.7,12.2,1.0
161,13,3.7,12.0,1.0
161,14,3.3,11.8,1.0
161,15,3.1,11.8,1.0
161,16,3.3,12.7,1.0
161,17,3.6,11.8,1.0
161,18,2.9,12.0,1.0
161,19,3.5,12.7,1.0
161,20,3.7,12.7,1.0
162,1,3.2,12.2,1.0
162,2,3.4,12.2,1.0
162,3,3.3,12.4,1.0
162,4,3.0,12.4,1.0
162,5,3.5,12.4,1.0
162,6,3.3,12.0,1.0
162,7,3.5,12.0,1.0
162,8,3.1,12.0,1.0
162,9,3.0,12.2,1.0
162,10,3.5,12.6,1.0
162,11,3.7,12.2,1.0
162,12,3.7,12.5,1.0
162,13,3.3,11.8,1.0
162,14,3.5,11.8,1.0
162,15,3.1,11.8,1.0
162,16,3.3,12.7,1.0
162,17,2.9,12.0,1.0
162,18,3.1,12.7,1.0
162,19,3.7,12.7,1.0
162,20,2.9,12.7,1.0
163,1,3.3,12.2,1.0
163,2,3.3,12.4,1.0
163,3,3.5,12.1,1.0
163,4,3.0,12.2,1.0
163,5,3.3,12.0,1.0
163,6,3.1,12.0,1.0
163,7,3.5,11.9,1.0
163,8,3.1,12.5,1.0
163,9,3.6,12.4,1.0
163,10,2.9,12.0,1.0
163,11,3.3,12.6,1.0
163,12,3.6,12.6,1.0
163,13,3.7,12.2,1.0
163,14,3.2,11.8,1.0
163,15,3.0,11.8,1.0
163,16,2.9,12.5,1.0
163,17,3.1,12.7,1.0
163,18,3.8,12.4,1.0
163,19,3.8,12.6,1.0
163,20,3.5,11.7,1.0
164,1,3.2,12.2,1.0
164,2,3.4,12.2,1.0
164,3,3.3,12.4,1.0
164,4,3.5,12.4,1.0
164,5,3.3,12.0,1.0
164,6,3.5,12.0,1.0
164,7,3.3,11.8,1.0
164,8,3.1,12.4,1.0
164,9,3.1,12.0,1.0
164,10,3.0,12.2,1.0
164,11,3.0,12.6,1.0
164,12,3.7,12.2,1.0
164,13,3.7,12.0,1.0
164,14,3.0,11.8,1.0
164,15,3.7,11.8,1.0
164,16,3.3,12.7,1.0
164,17,2.9,12.4,1.0
164,18,2.9,12.0,1.0
164,19,3.5,12.7,1.0
164,20,3.7,12.7,1.0
165,1,3.3,12.2,1.0
165,2,3.3,12.4,1.0
165,3,3.5,12.1,1.0
165,4,3.6,12.4,1.0
165,5,3.1,12.2,1.0
165,6,3.3,12.0,1.0
165,7,3.5,11.9,1.0
165,8,3.1,12.4,1.0
165,9,3.1,12.0,1.0
165,10,3.3,12.6,1.0
165,11,3.0,12.6,1.0
165,12,3.7,12.2,1.0
165,13,3.3,11.8,1.0
165,14,3.0,11.8,1.0
165,15,2.9,12.2,1.0
165,16,3.5,12.7,1.0
165,17,2.9,12.4,1.0
165,18,2.9,12.0,1.0
165,19,3.7,12.7,1.0
165,20,3.5,11.7,1.0
166,1,3.3,12.2,1.0
166,2,3.3,12.4,1.0
166,3,3.5,12.1,1.0
166,4,3.6,12.4,1.0
166,5,3.3,12.0,1.0
166,6,3.1,12.2,1.0
166,7,3.5,11.9,1.0
166,8,3.1,12.4,1.0
166,9,3.1,12.0,1.0
166,10,3.3,12.6,1.0
166,11,3.0,12.6,1.0
166,12,3.7,12.2,1.0
166,13,3.3,11.8,1.0
166,14,3.0,11.8,1.0
166,15,2.9,12.2,1.0
166,16,3.5,12.7,1.0
166,17,2.9,12.4,1.0
166,18,2.9,12.0,1.0
166,19,3.7,12.7,1.0
166,20,3.5,11.7,1.0
167,1,3.3,12.2,1.0
167,2,3.3,12.4,1.0
167,3,3.5,12.1,1.0
167,4,3.6,12.4,1.0
167,5,3.3,12.0,1.0
167,6,3.1,12.2,1.0
167,7,3.5,11.9,1.0
167,8,3.1,12.4,1.0
167,9,3.1,12.0,1.0
167,10,3.3,12.6,1.0
167,11,3.0,12.6,1.0
167,12,3.7,12.2,1.0
167,13,3.3,11.8,1.0
167,14,3.0,11.8,1.0
167,15,2.9,12.2,1.0
167,16,3.5,12.7,1.0
167,17,2.9,12.4,1.0
167,18,2.9,12.0,1.0
167,19,3.7,12.7,1.0
167,20,3.5,11.7,1.0
168,1,3.3,12.2,1.0
168,2,3.3,12.4,1.0
168,3,3.5,12.1,1.0
168,4,3.6,12.4,1.0
168,5,3.3,12.0,1.0
168,6,3.1,12.2,1.0
168,7,3.5,11.9,1.0
168,8,3.1,12.4,1.0
168,9,3.1,12.0,1.0
168,10,3.3,12.6,1.0
168,11,3.0,12.6,1.0
168,12,3.7,12.2,1.0
168,13,3.3,11.8,1.0
168,14,3.0,11.8,1.0
168,15,2.9,12.2,1.0
168,16,3.5,12.7,1.0
168,17,2.9,12.4,1.0
168,18,2.9,12.0,1.0
168,19,3.7,12.7,1.0
168,20,3.5,11.7,1.0
169,1,3.3,12.2,1.0
169,2,3.3,12.4,1.0
169,3,3.5,12.1,1.0
169,4,3.6,12.4,1.0
169,5,3.3,12.0,1.0
169,6,3.1,12.2,1.0
169,7,3.5,11.9,1.0
169,8,3.1,12.4,1.0
169,9,3.1,12.0,1.0
169,10,3.3,12.6,1.0
169,11,3.0,12.6,1.0
169,12,3.7,12.2,1.0
169,13,3.3,11.8,1.0
169,14,3.0,11.8,1.0
169,15,2.9,12.2,1.0
169,16,3.5,12.7,1.0
169,17,2.9,12.4,1.0
169,18,2.9,12.0,1.0
169,19,3.7,12.7,1.0
169,20,3.5,11.7,1.0
170,1,3.3,12.2,1.0
170,2,3.3,12.4,1.0
170,3,3.5,12.1,1.0
170,4,3.6,12.4,1.0
170,5,3.3,12.0,1.0
170,6,3.1,12.2,1.0
170,7,3.5,11.9,1.0
170,8,3.1,12.4,1.0
170,9,3.1,12.0,1.0
170,10,3.3,12.6,1.0
170,11,3.0,12.6,1.0
170,12,3.7,12.2,1.0
170,13,3.3,11.8,1.0
170,14,3.0,11.8,1.0
170,15,2.9,12.2,1.0
170,16,3.5,12.7,1.0
170,17,2.9,12.4,1.0
170,18,2.9,12.0,1.0
170,19,3.7,12.7,1.0
170,20,3.5,11.7,1.0
171,1,3.3,12.2,1.0
171,2,3.3,12.4,1.0
171,3,3.5,12.1,1.0
171,4,3.6,12.4,1.0
171,5,3.3,12.0,1.0
171,6,3.1,12.2,1.0
171,7,3.5,11.9,1.0
171,8,3.1,12.4,1.0
171,9,3.1,12.0,1.0
171,10,3.3,12.6,1.0
171,11,3.0,12.6,1.0
171,12,3.7,12.2,1.0
171,13,3.3,11.8,1.0
171,14,3.0,11.8,1.0
171,15,2.9,12.2,1.0
171,16,3.5,12.7,1.0
171,17,2.9,12.4,1.0
171,18,2.9,12.0,1.0
171,19,3.7,12.7,1.0
171,20,3.5,11.7,1.0
172,1,3.3,12.2,1.0
172,2,3.3,12.4,1.0
172,3,3.5,12.1,1.0
172,4,3.6,12.4,1.0
172,5,3.3,12.0,1.0
172,6,3.1,12.2,1.0
172,7,3.5,11.9,1.0
172,8,3.1,12.4,1.0
172,9,3.1,12.0,1.0
172,10,3.3,12.6,1.0
172,11,3.0,12.6,1.0
172,12,3.7,12.2,1.0
172,13,3.3,11.8,1.0
172,14,3.0,11.8,1.0
172,15,2.9,12.2,1.0
172,16,3.5,12.7,1.0
172,17,2.9,12.4,1.0
172,18,2.9,12.0,1.0
172,19,3.7,12.7,1.0
172,20,3.5,11.7,1.0
173,1,3.3,12.2,1.0
173,2,3.3,12.4,1.0
173,3,3.5,12.1,1.0
173,4,3.6,12.4,1.0
173,5,3.3,12.0,1.0
173,6,3.1,12.2,1.0
173,7,3.5,11.9,1.0
173,8,3.1,12.4,1.0
173,9,3.1,12.0,1.0
173,10,3.3,12.6,1.0
173,11,3.0,12.6,1.0
173,12,3.7,12.2,1.0
173,13,3.3,11.8,1.0
173,14,3.0,11.8,1.0
173,15,2.9,12.2,1.0
173,16,3.5,12.7,1.0
173,17,2.9,12.4,1.0
173,18,2.9,12.0,1.0
173,19,3.7,12.7,1.0
173,20,3.5,11.7,1.0
174,1,3.3,12.2,1.0
174,2,3.3,12.4,1.0
174,3,3.5,12.1,1.0
174,4,3.6,12.4,1.0
174,5,3.3,12.0,1.0
174,6,3.1,12.2,1.0
174,7,3.5,11.9,1.0
174,8,3.1,12.4,1.0
174,9,3.1,12.0,1.0
174,10,3.3,12.6,1.0
174,11,3.0,12.6,1.0
174,12,3.7,12.2,1.0
174,13,3.3,11.8,1.0
174,14,3.0,11.8,1.0
174,15,2.9,12.2,1.0
174,16,3.5,12.7,1.0
174,17,2.9,12.4,1.0
174,18,2.9,12.0,1.0
174,19,3.7,12.7,1.0
174,20,3.5,11.7,1.0
175,1,3.3,12.2,1.0
175,2,3.3,12.4,1.0
175,3,3.5,12.1,1.0
175,4,3.6,12.4,1.0
175,5,3.3,12.0,1.0
175,6,3.1,12.2,1.0
175,7,3.5,11.9,1.0
175,8,3.1,12.4,1.0
175,9,3.1,12.0,1.0
175,10,3.3,12.6,1.0
175,11,3.0,12.6,1.0
175,12,3.7,12.2,1.0
175,13,3.3,11.8,1.0
175,14,3.0,11.8,1.0
175,15,2.9,12.2,1.0
175,16,3.5,12.7,1.0
175,17,2.9,12.4,1.0
175,18,2.9,12.0,1.0
175,19,3.7,12.7,1.0
175,20,3.5,11.7,1.0
176,1,3.3,12.2,1.0
176,2,3.3,12.4,1.0
176,3,3.5,12.1,1.0
176,4,3.6,12.4,1.0
176,5,3.3,12.0,1.0
176,6,3.1,12.2,1.0
176,7,3.5,11.9,1.0
176,8,3.1,12.4,1.0
176,9,3.1,12.0,1.0
176,10,3.3,12.6,1.0
176,11,3.0,12.6,1.0
176,12,3.7,12.2,1.0
176,13,3.3,11.8,1.0
176,14,3.0,11.8,1.0
176,15,2.9,12.2,1.0
176,16,3.5,12.7,1.0
176,17,2.9,12.4,1.0
176,18,2.9,12.0,1.0
176,19,3.7,12.7,1.0
176,20,3.5,11.7,1.0
177,1,3.3,12.2,1.0
177,2,3.3,12.4,1.0
177,3,3.5,12.1,1.0
177,4,3.6,12.4,1.0
177,5,3.3,12.0,1.0
177,6,3.1,12.2,1.0
177,7,3.5,11.9,1.0
177,8,3.1,12.4,1.0
177,9,3.1,12.0,1.0
177,10,3.3,12.6,1.0
177,11,3.0,12.6,1.0
177,12,3.7,12.2,1.0
177,13,3.3,11.8,1.0
177,14,3.0,11.8,1.0
177,15,2.9,12.2,1.0
177,16,3.5,12.7,1.0
177,17,2.9,12.4,1.0
177,18,2.9,12.0,1.0
177,19,3.7,12.7,1.0
177,20,3.5,11.7,1.0
178,1,3.3,12.2,1.0
178,2,3.3,12.4,1.0
178,3,3.5,12.1,1.0
178,4,3.6,12.4,1.0
178,5,3.3,12.0,1.0
178,6,3.1,12.2,1.0
178,7,3.5,11.9,1.0
178,8,3.1,12.4,1.0
178,9,3.1,12.0,1.0
178,10,3.3,12.6,1.0
178,11,3.0,12.6,1.0
178,12,3.7,12.2,1.0
178,13,3.3,11.8,1.0
178,14,3.0,11.8,1.0
178,15,2.9,12.2,1.0
178,16,3.5,12.7,1.0
178,17,2.9,12.4,1.0
178,18,2.9,12.0,1.0
178,19,3.7,12.7,1.0
178,20,3.5,11.7,1.0
179,1,3.3,12.2,1.0
179,2,3.3,12.4,1.0
179,3,3.5,12.1,1.0
179,4,3.6,12.4,1.0
179,5,3.3,12.0,1.0
179,6,3.1,12.2,1.0
179,7,3.5,11.9,1.0
179,8,3.1,12.4,1.0
179,9,3.1,12.0,1.0
179,10,3.3,12.6,1.0
179,11,3.0,12.6,1.0
179,12,3.7,12.2,1.0
179,13,3.3,11.8,1.0
179,14,3.0,11.8,1.0
179,15,2.9,12.2,1.0
179,16,3.5,12.7,1.0
179,17,2.9,12.4,1.0
179,18,2.9,12.0,1.0
179,19,3.7,12.7,1.0
179,20,3.5,11.7,1.0
180,1,3.3,12.2,1.0
180,2,3.3,12.4,1.0
180,3,3.5,12.1,1.0
180,4,3.6,12.4,1.0
180,5,3.3,12.0,1.0
180,6,3.1,12.2,1.0
180,7,3.5,11.9,1.0
180,8,3.1,12.4,1.0
180,9,3.1,12.0,1.0
180,10,3.3,12.6,1.0
180,11,3.0,12.6,1.0
180,12,3.7,12.2,1.0
180,13,3.3,11.8,1.0
180,14,3.0,11.8,1.0
180,15,2.9,12.2,1.0
180,16,3.5,12.7,1.0
180,17,2.9,12.4,1.0
180,18,2.9,12.0,1.0
180,19,3.7,12.7,1.0
180,20,3.5,11.7,1.0
181,1,3.3,12.2,1.0
181,2,3.3,12.4,1.0
181,3,3.5,12.1,1.0
181,4,3.6,12.4,1.0
181,5,3.3,12.0,1.0
181,6,3.1,12.2,1.0
181,7,3.5,11.9,1.0
181,8,3.1,12.4,1.0
181,9,3.1,12.0,1.0
181,10,3.3,12.6,1.0
181,11,3.0,12.6,1.0
181,12,3.7,12.2,1.0
181,13,3.3,11.8,1.0
181,14,3.0,11.8,1.0
181,15,2.9,12.2,1.0
181,16,3.5,12.7,1.0
181,17,2.9,12.4,1.0
181,18,2.9,12.0,1.0
181,19,3.7,12.7,1.0
181,20,3.5,11.7,1.0
182,1,3.3,12.2,1.0
182,2,3.3,12.4,1.0
182,3,3.5,12.1,1.0
182,4,3.6,12.4,1.0
182,5,3.3,12.0,1.0
182,6,3.1,12.2,1.0
182,7,3.5,11.9,1.0
182,8,3.1,12.4,1.0
182,9,3.1,12.0,1.0
182,10,3.3,12.6,1.0
182,11,3.0,12.6,1.0
182,12,3.7,12.2,1.0
182,13,3.3,11.8,1.0
182,14,3.0,11.8,1.0
182,15,2.9,12.2,1.0
182,16,3.5,12.7,1.0
182,17,2.9,12.4,1.0
182,18,2.9,12.0,1.0
182,19,3.7,12.7,1.0
182,20,3.5,11.7,1.0
183,1,3.3,12.2,1.0
183,2,3.3,12.4,1.0
183,3,3.5,12.1,1.0
183,4,3.6,12.4,1.0
183,5,3.3,12.0,1.0
183,6,3.1,12.2,1.0
183,7,3.5,11.9,1.0
183,8,3.1,12.4,1.0
183,9,3.1,12.0,1.0
183,10,3.3,12.6,1.0
183,11,3.0,12.6,1.0
183,12,3.7,12.2,1.0
183,13,3.3,11.8,1.0
183,14,3.0,11.8,1.0
183,15,2.9,12.2,1.0
183,16,3.5,12.7,1.0
183,17,2.9,12.4,1.0
183,18,2.9,12.0,1.0
183,19,3.7,12.7,1.0
183,20,3.5,11.7,1.0
184,1,3.3,12.2,1.0
184,2,3.3,12.4,1.0
184,3,3.5,12.1,1.0
184,4,3.6,12.4,1.0
184,5,3.3,12.0,1.0
184,6,3.1,12.2,1.0
184,7,3.5,11.9,1.0
184,8,3.1,12.4,1.0
184,9,3.1,12.0,1.0
184,10,3.3,12.6,1.0
184,11,3.0,12.6,1.0
184,12,3.7,12.2,1.0
184,13,3.3,11.8,1.0
184,14,3.0,11.8,1.0
184,15,2.9,12.2,1.0
184,16,3.5,12.7,1.0
184,17,2.9,12.4,1.0
184,18,2.9,12.0,1.0
184,19,3.7,12.7,1.0
184,20,3.5,11.7,1.0
185,1,3.3,12.2,1.0
185,2,3.3,12.4,1.0
185,3,3.5,12.1,1.0
185,4,3.6,12.4,1.0
185,5,3.3,12.0,1.0
185,6,3.1,12.2,1.0
185,7,3.5,11.9,1.0
185,8,3.1,12.4,1.0
185,9,3.1,12.0,1.0
185,10,3.3,12.6,1.0
185,11,3.0,12.6,1.0
185,12,3.7,12.2,1.0
185,13,3.3,11.8,1.0
185,14,3.0,11.8,1.0
185,15,2.9,12.2,1.0
185,16,3.5,12.7,1.0
185,17,2.9,12.4,1.0
185,18,2.9,12.0,1.0
185,19,3.7,12.7,1.0
185,20,3.5,11.7,1.0
186,1,3.3,12.2,1.0
186,2,3.3,12.4,1.0
186,3,3.5,12.1,1.0
186,4,3.6,12.4,1.0
186,5,3.3,12.0,1.0
186,6,3.1,12.2,1.0
186,7,3.5,11.9,1.0
186,8,3.1,12.4,1.0
186,9,3.1,12.0,1.0
186,10,3.3,12.6,1.0
186,11,3.0,12.6,1.0
186,12,3.7,12.2,1.0
186,13,3.3,11.8,1.0
186,14,3.0,11.8,1.0
186,15,2.9,12.2,1.0
186,16,3.5,12.7,1.0
186,17,2.9,12.4,1.0
186,18,2.9,12.0,1.0
186,19,3.7,12.7,1.0
186,20,3.5,11.7,1.0
187,1,3.3,12.2,1.0
187,2,3.3,12.4,1.0
187,3,3.5,12.1,1.0
187,4,3.6,12.4,1.0
187,5,3.3,12.0,1.0
187,6,3.1,12.2,1.0
187,7,3.5,11.9,1.0
187,8,3.1,12.4,1.0
187,9,3.1,12.0,1.0
187,10,3.3,12.6,1.0
187,11,3.0,12.6,1.0
187,12,3.7,12.2,1.0
187,13,3.3,11.8,1.0
187,14,3.0,11.8,1.0
187,15,2.9,12.2,1.0
187,16,3.5,12.7,1.0
187,17,2.9,12.4,1.0
187,18,2.9,12.0,1.0
187,19,3.7,12.7,1.0
187,20,3.5,11.7,1.0
188,1,3.3,12.2,1.0
188,2,3.3,12.4,1.0
188,3,3.5,12.1,1.0
188,4,3.6,12.4,1.0
188,5,3.3,12.0,1.0
188,6,3.1,12.2,1.0
188,7,3.5,11.9,1.0
188,8,3.1,12.4,1.0
188,9,3.1,12.0,1.0
188,10,3.3,12.6,1.0
188,11,3.0,12.6,1.0
188,12,3.7,12.2,1.0
188,13,3.3,11.8,1.0
188,14,3.0,11.8,1.0
188,15,2.9,12.2,1.0
188,16,3.5,12.7,1.0
188,17,2.9,12.4,1.0
188,18,2.9,12.0,1.0
188,19,3.7,12.7,1.0
188,20,3.5,11.7,1.0
189,1,3.3,12.2,1.0
189,2,3.3,12.4,1.0
189,3,3.5,12.1,1.0
189,4,3.6,12.4,1.0
189,5,3.3,12.0,1.0
189,6,3.1,12.2,1.0
189,7,3.5,11.9,1.0
189,8,3.1,12.4,1.0
189,9,3.1,12.0,1.0
189,10,3.3,12.6,1.0
189,11,3.0,12.6,1.0
189,12,3.7,12.2,1.0
189,13,3.3,11.8,1.0
189,14,3.0,11.8,1.0
189,15,2.9,12.2,1.0
189,16,3.5,12.7,1.0
189,17,2.9,12.4,1.0
189,18,2.9,12.0,1.0
189,19,3.7,12.7,1.0
189,20,3.5,11.7,1.0
190,1,3.3,12.2,1.0
190,2,3.3,12.4,1.0
190,3,3.5,12.1,1.0
190,4,3.6,12.4,1.0
190,5,3.3,12.0,1.0
190,6,3.1,12.2,1.0
190,7,3.5,11.9,1.0
190,8,3.1,12.4,1.0
190,9,3.1,12.0,1.0
190,10,3.3,12.6,1.0
190,11,3.0,12.6,1.0
190,12,3.7,12.2,1.0
190,13,3.3,11.8,1.0
190,14,3.0,11.8,1.0
190,15,2.9,12.2,1.0
190,16,3.5,12.7,1.0
190,17,2.9,12.4,1.0
190,18,2.9,12.0,1.0
190,19,3.7,12.7,1.0
190,20,3.5,11.7,1.0
191,1,3.3,12.2,1.0
191,2,3.3,12.4,1.0
191,3,3.5,12.1,1.0
191,4,3.6,12.4,1.0
191,5,3.3,12.0,1.0
191,6,3.1,12.2,1.0
191,7,3.5,11.9,1.0
191,8,3.1,12.4,1.0
191,9,3.1,12.0,1.0
191,10,3.3,12.6,1.0
191,11,3.0,12.6,1.0
191,12,3.7,12.2,1.0
191,13,3.3,11.8,1.0
191,14,3.0,11.8,1.0
191,15,2.9,12.2,1.0
191,16,3.5,12.7,1.0
191,17,2.9,12.4,1.0
191,18,2.9,12.0,1.0
191,19,3.7,12.7,1.0
191,20,3.5,11.7,1.0
192,1,3.3,12.2,1.0
192,2,3.3,12.4,1.0
192,3,3.5,12.1,1.0
192,4,3.6,12.4,1.0
192,5,3.3,12.0,1.0
192,6,3.1,12.2,1.0
192,7,3.5,11.9,1.0
192,8,3.1,12.4,1.0
192,9,3.1,12.0,1.0
192,10,3.3,12.6,1.0
192,11,3.0,12.6,1.0
192,12,3.7,12.2,1.0
192,13,3.3,11.8,1.0
192,14,3.0,11.8,1.0
192,15,2.9,12.2,1.0
192,16,3.5,12.7,1.0
192,17,2.9,12.4,1.0
192,18,2.9,12.0,1.0
192,19,3.7,12.7,1.0
192,20,3.5,11.7,1.0
193,1,3.3,12.2,1.0
193,2,3.3,12.4,1.0
193,3,3.5,12.1,1.0
193,4,3.6,12.4,1.0
193,5,3.3,12.0,1.0
193,6,3.1,12.2,1.0
193,7,3.5,11.9,1.0
193,8,3.1,12.4,1.0
193,9,3.1,12.0,1.0
193,10,3.3,12.6,1.0
193,11,3.0,12.6,1.0
193,12,3.7,12.2,1.0
193,13,3.3,11.8,1.0
193,14,3.0,11.8,1.0
193,15,2.9,12.2,1.0
193,16,3.5,12.7,1.0
193,17,2.9,12.4,1.0
193,18,2.9,12.0,1.0
193,19,3.7,12.7,1.0
193,20,3.5,11.7,1.0
194,1,3.3,12.2,1.0
194,2,3.3,12.4,1.0
194,3,3.5,12.1,1.0
194,4,3.6,12.4,1.0
194,5,3.3,12.0,1.0
194,6,3.1,12.2,1.0
194,7,3.5,11.9,1.0
194,8,3.1,12.4,1.0
194,9,3.1,12.0,1.0
194,10,3.3,12.6,1.0
194,11,3.0,12.6,1.0
194,12,3.7,12.2,1.0
194,13,3.3,11.8,1.0
194,14,3.0,11.8,1.0
194,15,2.9,12.2,1.0
194,16,3.5,12.7,1.0
194,17,2.9,12.4,1.0
194,18,2.9,12.0,1.0
194,19,3.7,12.7,1.0
194,20,3.5,11.7,1.0
195,1,3.3,12.2,1.0
195,2,3.3,12.4,1.0
195,3,3.5,12.1,1.0
195,4,3.6,12.4,1.0
195,5,3.3,12.0,1.0
195,6,3.1,12.2,1.0
195,7,3.5,11.9,1.0
195,8,3.1,12.4,1.0
195,9,3.1,12.0,1.0
195,10,3.3,12.6,1.0
195,11,3.0,12.6,1.0
195,12,3.7,12.2,1.0
195,13,3.3,11.8,1.0
195,14,3.0,11.8,1.0
195,15,2.9,12.2,1.0
195,16,3.5,12.7,1.0
195,17,2.9,12.4,1.0
195,18,2.9,12.0,1.0
195,19,3.7,12.7,1.0
195,20,3.5,11.7,1.0
196,1,3.3,12.2,1.0
196,2,3.3,12.4,1.0
196,3,3.5,12.1,1.0
196,4,3.6,12.4,1.0
196,5,3.3,12.0,1.0
196,6,3.1,12.2,1.0
196,7,3.5,11.9,1.0
196,8,3.1,12.4,1.0
196,9,3.1,12.0,1.0
196,10,3.3,12.6,1.0
196,11,3.0,12.6,1.0
196,12,3.7,12.2,1.0
196,13,3.3,11.8,1.0
196,14,3.0,11.8,1.0
196,15,2.9,12.2,1.0
196,16,3.5,12.7,1.0
196,17,2.9,12.4,1.0
196,18,2.9,12.0,1.0
196,19,3.7,12.7,1.0
196,20,3.5,11.7,1.0
197,1,3.3,12.2,1.0
197,2,3.3,12.4,1.0
197,3,3.5,12.1,1.0
197,4,3.6,12.4,1.0
197,5,3.3,12.0,1.0
197,6,3.1,12.2,1.0
197,7,3.5,11.9,1.0
197,8,3.1,12.4,1.0
197,9,3.1,12.0,1.0
197,10,3.3,12.6,1.0
197,11,3.0,12.6,1.0
197,12,3.7,12.2,1.0
197,13,3.3,11.8,1.0
197,14,3.0,11.8,1.0
197,15,2.9,12.2,1.0
197,16,3.5,12.7,1.0
197,17,2.9,12.4,1.0
197,18,2.9,12.0,1.0
197,19,3.7,12.7,1.0
197,20,3.5,11.7,1.0
198,1,3.3,12.2,1.0
198,2,3.3,12.4,1.0
198,3,3.5,12.1,1.0
198,4,3.6,12.4,1.0
198,5,3.3,12.0,1.0
198,6,3.1,12.2,1.0
198,7,3.5,11.9,1.0
198,8,3.1,12.4,1.0
198,9,3.1,12.0,1.0
198,10,3.3,12.6,1.0
198,11,3.0,12.6,1.0
198,12,3.7,12.2,1.0
198,13,3.3,11.8,1.0
198,14,3.0,11.8,1.0
198,15,2.9,12.2,1.0
198,16,3.5,12.7,1.0
198,17,2.9,12.4,1.0
198,18,2.9,12.0,1.0
198,19,3.7,12.7,1.0
198,20,3.5,11.7,1.0
199,1,3.3,12.2,1.0
199,2,3.3,12.4,1.0
199,3,3.5,12.1,1.0
199,4,3.6,12.4,1.0
199,5,3.3,12.0,1.0
199,6,3.1,12.2,1.0
199,7,3.5,11.9,1.0
199,8,3.1,12.4,1.0
199,9,3.1,12.0,1.0
199,10,3.3,12.6,1.0
199,11,3.0,12.6,1.0
199,12,3.7,12.2,1.0
199,13,3.3,11.8,1.0
199,14,3.0,11.8,1.0
199,15,2.9,12.2,1.0
199,16,3.5,12.7,1.0
199,17,2.9,12.4,1.0
199,18,2.9,12.0,1.0
199,19,3.7,12.7,1.0
199,20,3.5,11.7,1.0
200,1,3.3,12.2,1.0
200,2,3.3,12.4,1.0
200,3,3.5,12.1,1.0
200,4,3.6,12.4,1.0
200,5,3.3,12.0,1.0
200,6,3.1,12.2,1.0
200,7,3.5,11.9,1.0
200,8,3.1,12.4,1.0
200,9,3.1,12.0,1.0
200,10,3.3,12.6,1.0
200,11,3.0,12.6,1.0
200,12,3.7,12.2,1.0
200,13,3.3,11.8,1.0
200,14,3.0,11.8,1.0
200,15,2.9,12.2,1.0
200,16,3.5,12.7,1.0
200,17,2.9,12.4,1.0
200,18,2.9,12.0,1.0
200,19,3.7,12.7,1.0
200,20,3.5,11.7,1.0
